-- insercion de datos en BRANCHS
INSERT INTO BRANCHS (name_branch, br_address, br_province)
VALUES
  ('BA Calzados', 'Av. Corrientes 1234', 'Buenos Aires'),
  ('CBA Zapatillas', 'Av. Colón 567', 'Córdoba'),
  ('R Shoes', 'Calle Sarmiento 890', 'Santa Fe'),
  ('M Move', 'Av. San Martín 2345', 'Mendoza'),
  ('T Zapatillas', 'Calle 25 de Mayo 456', 'Tucumán')
;

-- insercion de datos en CUSTOMERS
INSERT INTO CUSTOMERS (first_name, last_name, birthday, email)
VALUES
	('Molli', 'Tivolier', '1977-11-15', 'mtivolier0@cam.ac.uk'),
	('Udall', 'McKernon', '1990-02-21', 'umckernon1@ibm.com'),
	('Silvana', 'Nayer', '1976-08-14', 'snayer2@bluehost.com'),
	('Trstram', 'Oxbrow', '1999-01-29', 'toxbrow3@csmonitor.com'),
	('Ethelin', 'Chisolm', '1993-06-08', 'echisolm4@thetimes.co.uk'),
	('Cory', 'Costen', '2007-05-28', 'ccosten5@cbc.ca'),
	('Zachariah', 'Pendlebury', '2007-02-01', 'zpendlebury6@edublogs.org'),
	('Stirling', 'Rocks', '2001-04-09', 'srocks7@rediff.com'),
	('Roldan', 'Champneys', '1994-06-26', 'rchampneys8@live.com'),
	('Siouxie', 'Windows', '1980-02-02', 'swindows9@aol.com'),
	('Drucie', 'Wallbrook', '1980-03-18', 'dwallbrooka@flavors.me'),
	('Redford', 'Glasper', '1987-07-19', 'rglasperb@canalblog.com'),
	('Tiphani', 'Kimbling', '1988-10-24', 'tkimblingc@issuu.com'),
	('Cello', 'Harland', '2002-06-13', 'charlandd@ibm.com'),
	('Cathie', 'Hansell', '1975-07-11', 'chanselle@hostgator.com'),
	('Brittaney', 'Ellis', '2000-02-04', 'bellisf@parallels.com'),
	('Jermaine', 'Linskey', '2001-11-04', 'jlinskeyg@apache.org'),
	('Matilde', 'McIlvenna', '1996-05-05', 'mmcilvennah@wsj.com'),
	('Elfie', 'Bullman', '1985-12-16', 'ebullmani@admin.ch'),
	('Dwayne', 'Dyne', '1999-01-30', 'ddynej@hubpages.com'),
	('Dael', 'Duckitt', '1987-05-08', 'dduckittk@aboutads.info'),
	('Hillel', 'Tregenza', '1979-09-24', 'htregenzal@cmu.edu'),
	('Jessey', 'Stennet', '1985-02-15', 'jstennetm@craigslist.org'),
	('Winna', 'Bootell', '1975-07-14', 'wbootelln@wikispaces.com'),
	('Kettie', 'Cassius', '2002-12-08', 'kcassiuso@topsy.com'),
	('Maible', 'Britten', '2000-10-01', 'mbrittenp@globo.com'),
	('Quincey', 'Armfirld', '2000-03-02', 'qarmfirldq@who.int'),
	('Byrom', 'Argrave', '1977-09-14', 'bargraver@chicagotribune.com'),
	('Minny', 'Kinchley', '1978-04-06', 'mkinchleys@digg.com'),
	('Daphene', 'Kelcey', '1982-05-13', 'dkelceyt@businesswire.com'),
	('Davidson', 'Caffrey', '2003-11-21', 'dcaffreyu@nhs.uk'),
	('Perice', 'Fyfield', '1980-12-31', 'pfyfieldv@uol.com.br'),
	('Webster', 'Lynock', '1978-11-18', 'wlynockw@marketwatch.com'),
	('Gianna', 'Swale', '2002-08-26', 'gswalex@google.cn'),
	('Eilis', 'Paradyce', '1985-06-13', 'eparadycey@histats.com'),
	('Aveline', 'Houldcroft', '1975-10-25', 'ahouldcroftz@apple.com'),
	('Sandor', 'Yourell', '2002-09-28', 'syourell10@wp.com'),
	('Rudyard', 'Houseman', '1999-09-13', 'rhouseman11@mlb.com'),
	('Danny', 'Hurworth', '1997-04-21', 'dhurworth12@imdb.com'),
	('Merill', 'Walne', '2004-06-24', 'mwalne13@earthlink.net'),
	('Joana', 'Ubsdell', '1979-04-20', 'jubsdell14@shop-pro.jp'),
	('Jo', 'Barfoot', '1985-12-12', 'jbarfoot15@pbs.org'),
	('Rex', 'Slingsby', '2007-06-21', 'rslingsby16@ocn.ne.jp'),
	('Melinda', 'Ridges', '1990-10-01', 'mridges17@sbwire.com'),
	('Carlee', 'Pirie', '1985-03-30', 'cpirie18@pinterest.com'),
	('Candice', 'Burnup', '1979-04-21', 'cburnup19@usnews.com'),
	('Neel', 'Spowage', '1975-12-23', 'nspowage1a@mayoclinic.com'),
	('Torey', 'Norkett', '2000-02-27', 'tnorkett1b@amazon.com'),
	('Audrye', 'Snarie', '1994-04-28', 'asnarie1c@noaa.gov'),
	('Sandy', 'Motte', '2006-11-12', 'smotte1d@tiny.cc'),
	('Anastassia', 'Eard', '1998-01-19', 'aeard1e@github.com'),
	('Oran', 'Dalli', '1978-06-28', 'odalli1f@tripadvisor.com'),
	('Gerald', 'McKinna', '1977-07-21', 'gmckinna1g@latimes.com'),
	('Delmer', 'Bockman', '1981-12-21', 'dbockman1h@51.la'),
	('Felizio', 'Davy', '1979-09-03', 'fdavy1i@quantcast.com'),
	('Zacharias', 'Jaquiss', '1977-06-24', 'zjaquiss1j@weebly.com'),
	('Blane', 'Ballentime', '2006-05-23', 'bballentime1k@feedburner.com'),
	('Natale', 'Vanyutin', '1976-08-29', 'nvanyutin1l@artisteer.com'),
	('Herman', 'Fritchly', '1992-01-23', 'hfritchly1m@domainmarket.com'),
	('Evelyn', 'Eyam', '1977-04-05', 'eeyam1n@cornell.edu'),
	('Niall', 'Rushe', '1981-08-03', 'nrushe1o@zimbio.com'),
	('Gerda', 'Brimilcome', '1977-11-06', 'gbrimilcome1p@merriam-webster.com'),
	('Todd', 'Marcombe', '2006-12-05', 'tmarcombe1q@vimeo.com'),
	('Nicholas', 'Snassell', '1982-11-01', 'nsnassell1r@cnbc.com'),
	('Junina', 'Dechelette', '2002-01-29', 'jdechelette1s@wisc.edu'),
	('Adeline', 'Balwin', '1994-05-09', 'abalwin1t@hao123.com'),
	('Drusy', 'Habberjam', '1979-01-07', 'dhabberjam1u@prweb.com'),
	('Shirlene', 'Julyan', '1995-03-03', 'sjulyan1v@nhs.uk'),
	('Lorenza', 'McElwee', '1975-11-19', 'lmcelwee1w@amazon.co.jp'),
	('Glenine', 'Gurge', '1988-05-31', 'ggurge1x@arizona.edu'),
	('Lisha', 'Rash', '1982-09-05', 'lrash1y@cbc.ca'),
	('Brit', 'Orht', '1986-11-16', 'borht1z@discuz.net'),
	('Ax', 'Larciere', '1985-09-24', 'alarciere20@prlog.org'),
	('Ronald', 'Mastrantone', '2006-04-30', 'rmastrantone21@shutterfly.com'),
	('Flory', 'Shegog', '2006-07-20', 'fshegog22@chicagotribune.com'),
	('Miller', 'Klee', '1994-02-15', 'mklee23@alibaba.com'),
	('Lucias', 'Topper', '1975-08-07', 'ltopper24@youtu.be'),
	('Adamo', 'Columbell', '1994-08-31', 'acolumbell25@edublogs.org'),
	('Red', 'Lydiatt', '2004-09-18', 'rlydiatt26@fastcompany.com'),
	('Carmina', 'Blodgett', '1995-05-21', 'cblodgett27@netvibes.com'),
	('Marten', 'Smaile', '1996-11-15', 'msmaile28@bloglovin.com'),
	('Giuseppe', 'Tancock', '1983-03-07', 'gtancock29@issuu.com'),
	('Jacob', 'Follows', '1981-04-08', 'jfollows2a@google.com.br'),
	('Armand', 'Oehm', '1977-06-23', 'aoehm2b@lulu.com'),
	('Sheryl', 'Cadreman', '1981-10-22', 'scadreman2c@bloomberg.com'),
	('Cate', 'Coplestone', '1985-04-30', 'ccoplestone2d@newyorker.com'),
	('Miles', 'Late', '2004-10-28', 'mlate2e@thetimes.co.uk'),
	('Darcy', 'Linde', '1988-10-25', 'dlinde2f@irs.gov'),
	('Max', 'ducarme', '2002-09-25', 'mducarme2g@exblog.jp'),
	('Reinhard', 'Miguet', '1979-09-07', 'rmiguet2h@pcworld.com'),
	('Frasier', 'Peggrem', '1992-03-16', 'fpeggrem2i@nature.com'),
	('Doll', 'Lesly', '1982-06-29', 'dlesly2j@indiatimes.com'),
	('Mirilla', 'Ravilious', '1977-12-31', 'mravilious2k@so-net.ne.jp'),
	('Anne-corinne', 'Antonoczyk', '1996-04-25', 'aantonoczyk2l@examiner.com'),
	('Patty', 'Ferris', '1986-07-18', 'pferris2m@friendfeed.com'),
	('Verine', 'Yalden', '1991-04-10', 'vyalden2n@chronoengine.com'),
	('Tootsie', 'Dorkin', '1985-03-09', 'tdorkin2o@dot.gov'),
	('Nichol', 'Coleford', '1999-08-13', 'ncoleford2p@newyorker.com'),
	('Harley', 'Paulusch', '1985-03-24', 'hpaulusch2q@1und1.de'),
	('Norean', 'Sartain', '2001-04-05', 'nsartain2r@home.pl'),
	('Antony', 'Bonny', '1999-10-27', 'abonny2s@twitter.com'),
	('Hal', 'Learmont', '1989-06-20', 'hlearmont2t@webeden.co.uk'),
	('Fenelia', 'MacHostie', '1984-04-13', 'fmachostie2u@is.gd'),
	('Phedra', 'Ridgewell', '2001-05-29', 'pridgewell2v@reddit.com'),
	('Godfree', 'Hauck', '1995-04-08', 'ghauck2w@constantcontact.com'),
	('Gwenore', 'Brennon', '2004-11-09', 'gbrennon2x@statcounter.com'),
	('Laureen', 'Maud', '1997-08-03', 'lmaud2y@gnu.org'),
	('Marysa', 'Allard', '1998-04-22', 'mallard2z@yelp.com'),
	('Rollins', 'MacConnel', '1984-10-22', 'rmacconnel30@ibm.com'),
	('Saudra', 'Langthorn', '1988-10-25', 'slangthorn31@addthis.com'),
	('Kellie', 'Deverall', '1982-11-23', 'kdeverall32@joomla.org'),
	('Jeannie', 'Darlasson', '1984-05-05', 'jdarlasson33@seattletimes.com'),
	('Winnie', 'Haycroft', '1991-07-06', 'whaycroft34@discovery.com'),
	('Gilberto', 'Onraet', '1998-03-28', 'gonraet35@cmu.edu'),
	('Shellie', 'Such', '2002-01-05', 'ssuch36@latimes.com'),
	('Jeri', 'Tilt', '2002-09-10', 'jtilt37@google.es'),
	('Starr', 'Suttaby', '1993-10-04', 'ssuttaby38@soundcloud.com'),
	('Araldo', 'Mogg', '1977-05-02', 'amogg39@moonfruit.com'),
	('Filippa', 'Belamy', '2001-02-16', 'fbelamy3a@alexa.com'),
	('Alain', 'Murricanes', '1977-03-14', 'amurricanes3b@fc2.com'),
	('Sallyann', 'Ville', '1983-09-12', 'sville3c@etsy.com'),
	('Isadora', 'Boyford', '1980-02-04', 'iboyford3d@topsy.com'),
	('Pauletta', 'Sparshett', '2007-04-03', 'psparshett3e@free.fr'),
	('Brunhilda', 'Grabert', '1976-11-20', 'bgrabert3f@woothemes.com'),
	('Kienan', 'Traylen', '2004-02-09', 'ktraylen3g@upenn.edu'),
	('Camille', 'Fettis', '1996-11-08', 'cfettis3h@booking.com'),
	('Esme', 'Kenwright', '1982-07-29', 'ekenwright3i@cyberchimps.com'),
	('Shell', 'Tennet', '1993-12-17', 'stennet3j@loc.gov'),
	('Freddy', 'Brasseur', '1976-03-17', 'fbrasseur3k@umn.edu'),
	('Belicia', 'Onele', '1986-11-11', 'bonele3l@telegraph.co.uk'),
	('Karly', 'Comrie', '1976-05-08', 'kcomrie3m@aboutads.info'),
	('Valentine', 'De Maria', '1995-10-07', 'vdemaria3n@yellowbook.com'),
	('Kate', 'Boyan', '2007-09-17', 'kboyan3o@auda.org.au'),
	('Johannes', 'McKiddin', '1980-06-26', 'jmckiddin3p@indiatimes.com'),
	('Alexis', 'Redgrove', '2005-11-30', 'aredgrove3q@buzzfeed.com'),
	('Pavel', 'Snedden', '1990-02-13', 'psnedden3r@google.com.br'),
	('Portia', 'Dickenson', '1992-12-29', 'pdickenson3s@weebly.com'),
	('Deloria', 'Fine', '1985-03-26', 'dfine3t@plala.or.jp'),
	('Allina', 'Columbine', '2004-05-22', 'acolumbine3u@java.com'),
	('Dale', 'Monteath', '1996-08-17', 'dmonteath3v@army.mil'),
	('Stanton', 'Paulo', '1996-02-15', 'spaulo3w@1688.com'),
	('Rozelle', 'McBay', '1977-05-12', 'rmcbay3x@examiner.com'),
	('Lesli', 'Gotthard.sf', '1991-10-04', 'lgotthardsf3y@smh.com.au'),
	('Nickie', 'Buckell', '2006-07-02', 'nbuckell3z@kickstarter.com'),
	('Shane', 'Stoffler', '1991-04-16', 'sstoffler40@uol.com.br'),
	('Goldina', 'Harley', '2002-05-05', 'gharley41@nasa.gov'),
	('Melisse', 'Gandey', '1986-08-22', 'mgandey42@reddit.com'),
	('Michael', 'Burnhams', '1986-04-28', 'mburnhams43@angelfire.com'),
	('Doy', 'Ducrow', '1994-02-28', 'dducrow44@auda.org.au'),
	('Idette', 'Bock', '1989-11-10', 'ibock45@skyrock.com'),
	('Oralie', 'Davie', '1989-04-14', 'odavie46@woothemes.com'),
	('Ted', 'Wilkin', '1993-04-17', 'twilkin47@bbb.org'),
	('Sammy', 'McPhater', '1986-08-16', 'smcphater48@mapy.cz'),
	('Callida', 'Provost', '1984-07-31', 'cprovost49@youku.com'),
	('Prentice', 'Smiley', '1988-06-23', 'psmiley4a@slate.com'),
	('Domingo', 'McIlroy', '1991-10-21', 'dmcilroy4b@qq.com'),
	('Lutero', 'Ferre', '1979-07-06', 'lferre4c@nydailynews.com'),
	('Friedrich', 'Stobbart', '1985-09-09', 'fstobbart4d@g.co'),
	('Shanie', 'Rosnau', '2002-10-12', 'srosnau4e@virginia.edu'),
	('Yvonne', 'MacGray', '1986-09-06', 'ymacgray4f@facebook.com'),
	('Quintilla', 'Malloy', '1996-11-01', 'qmalloy4g@ca.gov'),
	('Faber', 'Galier', '1997-07-10', 'fgalier4h@issuu.com'),
	('Hakeem', 'Croson', '2003-07-25', 'hcroson4i@webeden.co.uk'),
	('Morris', 'Gosdin', '1985-03-29', 'mgosdin4j@ibm.com'),
	('Elvyn', 'Lukasik', '1978-08-27', 'elukasik4k@businesswire.com'),
	('Nicolais', 'Conway', '1987-05-30', 'nconway4l@cnet.com'),
	('Valida', 'Parlot', '1995-10-12', 'vparlot4m@abc.net.au'),
	('Pansy', 'Dooland', '1995-12-27', 'pdooland4n@etsy.com'),
	('Laetitia', 'Savine', '1977-01-04', 'lsavine4o@github.io'),
	('Gunter', 'Bleby', '1995-06-22', 'gbleby4p@nyu.edu'),
	('Maxwell', 'Munro', '1988-10-30', 'mmunro4q@t-online.de'),
	('Alvera', 'Ubsdall', '1997-04-24', 'aubsdall4r@delicious.com'),
	('Daffi', 'Blunderfield', '1998-06-25', 'dblunderfield4s@wordpress.com'),
	('Ardelis', 'Obell', '2006-12-10', 'aobell4t@zimbio.com'),
	('Ilaire', 'Rideout', '1995-07-05', 'irideout4u@comsenz.com'),
	('Svend', 'Pashan', '1997-08-14', 'spashan4v@nifty.com'),
	('Lucille', 'Crankshaw', '1993-07-14', 'lcrankshaw4w@example.com'),
	('Dael', 'Cristoferi', '1993-05-11', 'dcristoferi4x@ning.com'),
	('Kara-lynn', 'McGiffin', '2006-04-29', 'kmcgiffin4y@cam.ac.uk'),
	('Prentice', 'Salt', '2007-04-21', 'psalt4z@purevolume.com'),
	('Rayna', 'Mattam', '2005-08-18', 'rmattam50@myspace.com'),
	('Ichabod', 'Domsalla', '1984-03-18', 'idomsalla51@icio.us'),
	('Mattie', 'Lawlan', '1985-10-02', 'mlawlan52@aol.com'),
	('Jase', 'Truggian', '1999-09-22', 'jtruggian53@wufoo.com'),
	('Drake', 'Thickett', '1999-06-01', 'dthickett54@answers.com'),
	('Madonna', 'Goathrop', '1984-02-06', 'mgoathrop55@e-recht24.de'),
	('Franny', 'Lambal', '1999-03-14', 'flambal56@statcounter.com'),
	('Andrey', 'Ugolotti', '1975-09-29', 'augolotti57@nps.gov'),
	('Norina', 'Mar', '2004-03-29', 'nmar58@sitemeter.com'),
	('Kermy', 'Seater', '1976-01-11', 'kseater59@webmd.com'),
	('Jacqui', 'Swalowe', '2005-10-01', 'jswalowe5a@nps.gov'),
	('Orren', 'Wansbury', '2003-10-18', 'owansbury5b@pinterest.com'),
	('Cristabel', 'Smither', '1976-09-28', 'csmither5c@nps.gov'),
	('Florette', 'Parcall', '2005-08-18', 'fparcall5d@lulu.com'),
	('Rogerio', 'Worsalls', '1987-11-10', 'rworsalls5e@amazon.co.uk'),
	('Archer', 'Cartmell', '1976-03-23', 'acartmell5f@typepad.com'),
	('Chris', 'Dupey', '1975-10-24', 'cdupey5g@ed.gov'),
	('Bartholomeus', 'Laugheran', '1998-01-27', 'blaugheran5h@blogspot.com'),
	('Hillyer', 'Vina', '1975-05-10', 'hvina5i@slashdot.org'),
	('Kata', 'Golder', '1999-06-18', 'kgolder5j@seattletimes.com'),
	('Jock', 'McLaine', '2005-12-14', 'jmclaine5k@liveinternet.ru'),
	('Mara', 'Mohan', '2000-10-20', 'mmohan5l@ted.com'),
	('Tersina', 'Mabbett', '2002-12-07', 'tmabbett5m@wikispaces.com'),
	('Tammie', 'Trustie', '1997-01-20', 'ttrustie5n@princeton.edu'),
	('Foster', 'Keitch', '1979-11-16', 'fkeitch5o@google.com'),
	('Lind', 'Teml', '1993-08-10', 'lteml5p@nytimes.com'),
	('Collie', 'Hayers', '1988-03-09', 'chayers5q@arizona.edu'),
	('Ariela', 'Drydale', '1980-02-01', 'adrydale5r@typepad.com'),
	('Marika', 'Grandham', '1997-01-09', 'mgrandham5s@economist.com'),
	('Nelli', 'Binney', '2007-12-04', 'nbinney5t@wikipedia.org'),
	('Deanna', 'Yeomans', '1977-12-08', 'dyeomans5u@dion.ne.jp'),
	('Miquela', 'Kiff', '1981-04-22', 'mkiff5v@webnode.com'),
	('Anthea', 'Ortet', '1991-10-20', 'aortet5w@redcross.org'),
	('Kanya', 'Traves', '2003-05-03', 'ktraves5x@ihg.com'),
	('Dinah', 'MacTrusty', '2003-08-03', 'dmactrusty5y@topsy.com'),
	('Gerrie', 'Doiley', '1989-12-25', 'gdoiley5z@cargocollective.com'),
	('Shanta', 'Cowlam', '2004-10-03', 'scowlam60@cbslocal.com'),
	('Eziechiele', 'Nequest', '1986-10-16', 'enequest61@diigo.com'),
	('Scarlet', 'McLarty', '1979-05-19', 'smclarty62@yahoo.com'),
	('Chelsae', 'Ivanikov', '1977-05-08', 'civanikov63@marriott.com'),
	('Elladine', 'Teligin', '2000-01-19', 'eteligin64@cornell.edu'),
	('Rockie', 'Haruard', '2002-08-24', 'rharuard65@reverbnation.com'),
	('Hugo', 'Mewe', '1984-03-09', 'hmewe66@japanpost.jp'),
	('Dominick', 'Huton', '1987-06-27', 'dhuton67@yellowpages.com'),
	('Adolpho', 'Gurnell', '1992-11-10', 'agurnell68@mapquest.com'),
	('Lemar', 'Frie', '1998-06-28', 'lfrie69@clickbank.net'),
	('Siffre', 'Dadda', '1993-10-18', 'sdadda6a@bloglines.com'),
	('Carleen', 'Sankey', '1982-06-02', 'csankey6b@dailymotion.com'),
	('Heda', 'McKeller', '1993-09-27', 'hmckeller6c@edublogs.org'),
	('Bartholomew', 'Sackler', '1982-06-01', 'bsackler6d@cbslocal.com'),
	('Rudolf', 'Peinton', '1994-09-28', 'rpeinton6e@bluehost.com'),
	('Kitty', 'Sloegrave', '1999-11-08', 'ksloegrave6f@dot.gov'),
	('Joelle', 'Habergham', '2004-09-22', 'jhabergham6g@gnu.org'),
	('Elnora', 'Dragoe', '2005-08-29', 'edragoe6h@ezinearticles.com'),
	('Noelle', 'Lambal', '1982-09-09', 'nlambal6i@nyu.edu'),
	('Kerianne', 'Burcher', '2007-11-10', 'kburcher6j@businesswire.com'),
	('Toddie', 'Le feaver', '1987-07-01', 'tlefeaver6k@youtube.com'),
	('Rubin', 'Tarver', '1980-06-16', 'rtarver6l@google.com.hk'),
	('Silvie', 'Skellington', '1989-05-31', 'sskellington6m@theguardian.com'),
	('Galven', 'Coram', '1990-10-05', 'gcoram6n@examiner.com'),
	('Perl', 'Sevitt', '1987-04-04', 'psevitt6o@constantcontact.com'),
	('Filmore', 'Benda', '2001-10-23', 'fbenda6p@hexun.com'),
	('Lindie', 'Althorp', '1982-06-20', 'lalthorp6q@goo.gl'),
	('Katalin', 'Pachta', '1999-06-05', 'kpachta6r@flavors.me'),
	('Edgard', 'Surgison', '2000-02-26', 'esurgison6s@infoseek.co.jp'),
	('Morganne', 'Blazej', '1993-10-23', 'mblazej6t@japanpost.jp'),
	('Gerek', 'Garms', '1997-03-11', 'ggarms6u@nasa.gov'),
	('Randie', 'Gouldstraw', '2002-02-09', 'rgouldstraw6v@goodreads.com'),
	('Lezlie', 'Licari', '1994-10-23', 'llicari6w@cdbaby.com'),
	('Garey', 'Van den Velden', '2006-08-14', 'gvandenvelden6x@rambler.ru'),
	('Ronda', 'Stidson', '2001-04-26', 'rstidson6y@about.me'),
	('Torin', 'Dorking', '1993-06-03', 'tdorking6z@umich.edu'),
	('Darelle', 'Wilding', '1996-11-10', 'dwilding70@google.co.uk'),
	('Lauraine', 'Cribbins', '1997-08-01', 'lcribbins71@people.com.cn'),
	('Aaren', 'Dallimare', '1990-08-26', 'adallimare72@dedecms.com'),
	('Arturo', 'Lansdowne', '1995-10-30', 'alansdowne73@geocities.jp'),
	('Beatriz', 'Starbucke', '1975-05-31', 'bstarbucke74@about.com'),
	('Jory', 'Lighterness', '1991-09-13', 'jlighterness75@parallels.com'),
	('Suzi', 'Rawlison', '2004-03-15', 'srawlison76@php.net'),
	('Wallie', 'Pordall', '2007-08-08', 'wpordall77@about.com'),
	('Gran', 'Kubyszek', '2007-10-22', 'gkubyszek78@goo.ne.jp'),
	('Tammie', 'Della', '1990-10-28', 'tdella79@live.com'),
	('Boote', 'Glessane', '2006-12-22', 'boglessane7a@cpanel.net'),
	('Fina', 'Bostock', '2004-12-17', 'fbostock7b@printfriendly.com'),
	('Otho', 'Sigfrid', '1975-01-05', 'osigfrid7c@creativecommons.org'),
	('Ede', 'Otham', '1993-02-03', 'eotham7d@utexas.edu'),
	('Redford', 'Fitzsymonds', '2001-10-20', 'rfitzsymonds7e@google.ca'),
	('Adda', 'Wanless', '1975-11-09', 'awanless7f@about.com'),
	('Kendal', 'Jendrich', '1983-11-15', 'kjendrich7g@ezinearticles.com'),
	('Mikaela', 'Huckle', '1998-02-06', 'mhuckle7h@sbwire.com'),
	('Yoshi', 'Roumier', '1980-10-31', 'yroumier7i@alibaba.com'),
	('Aimee', 'Greenroa', '1977-05-28', 'agreenroa7j@cpanel.net'),
	('Dee dee', 'Baptie', '1998-05-28', 'dbaptie7k@theatlantic.com'),
	('Elliott', 'Rieflin', '1997-11-21', 'erieflin7l@desdev.cn'),
	('Ajay', 'Clorley', '1986-04-25', 'aclorley7m@marketwatch.com'),
	('Aidan', 'Angrave', '1983-01-19', 'aangrave7n@cornell.edu'),
	('Lotta', 'Firpi', '1995-09-14', 'lfirpi7o@cam.ac.uk'),
	('Milka', 'Clout', '1998-12-19', 'mclout7p@oracle.com'),
	('Fanchon', 'Powder', '1985-04-11', 'fpowder7q@nature.com'),
	('Marjy', 'Rimington', '1979-05-01', 'mrimington7r@wsj.com'),
	('Cchaddie', 'Lukash', '1991-05-23', 'clukash7s@weibo.com'),
	('Lesley', 'Shieber', '1986-03-11', 'lshieber7t@un.org'),
	('Dorita', 'Smalls', '1995-11-17', 'dsmalls7u@linkedin.com'),
	('Phaidra', 'Vawton', '1999-11-17', 'pvawton7v@seattletimes.com'),
	('Alvinia', 'Stryde', '1980-08-12', 'astryde7w@spiegel.de'),
	('Cthrine', 'Romaint', '1985-07-24', 'cromaint7x@slideshare.net'),
	('Sukey', 'Bickerdike', '1982-01-17', 'sbickerdike7y@hugedomains.com'),
	('Herby', 'Brodley', '1999-07-08', 'hbrodley7z@bbb.org'),
	('Sharla', 'Liles', '1987-02-19', 'sliles80@fc2.com'),
	('Ninette', 'Hincks', '1998-07-08', 'nhincks81@omniture.com'),
	('Donelle', 'Moralee', '1985-04-07', 'dmoralee82@phoca.cz'),
	('Ossie', 'Copnell', '2004-10-06', 'ocopnell83@usatoday.com'),
	('Jamie', 'Eyckelberg', '1991-11-25', 'jeyckelberg84@yelp.com'),
	('Rollo', 'Fittis', '1980-04-25', 'rfittis85@examiner.com'),
	('Trace', 'Grolmann', '1987-08-22', 'tgrolmann86@imageshack.us'),
	('Odessa', 'Hearon', '1998-11-24', 'ohearon87@surveymonkey.com'),
	('Cilka', 'McGillicuddy', '1994-03-06', 'cmcgillicuddy88@wordpress.com'),
	('Arlan', 'Hovell', '1999-06-03', 'ahovell89@stumbleupon.com'),
	('Rainer', 'Grelka', '1976-04-19', 'rgrelka8a@photobucket.com'),
	('Delmar', 'Alred', '1985-12-24', 'dalred8b@springer.com'),
	('Nollie', 'Dewdney', '1980-03-09', 'ndewdney8c@oakley.com'),
	('Marketa', 'Kapiloff', '2006-10-19', 'mkapiloff8d@nhs.uk'),
	('Andros', 'Caddick', '1991-07-13', 'acaddick8e@mit.edu'),
	('Alma', 'Willis', '1978-06-15', 'awillis8f@freewebs.com'),
	('Nolie', 'McClintock', '1997-04-03', 'nmcclintock8g@chicagotribune.com'),
	('Carlyn', 'Hateley', '1987-06-14', 'chateley8h@intel.com'),
	('Bridie', 'Saltwell', '2001-11-01', 'bsaltwell8i@amazon.com'),
	('Addie', 'Delacour', '1999-10-10', 'adelacour8j@scribd.com'),
	('Ebonee', 'Melanaphy', '1997-04-17', 'emelanaphy8k@artisteer.com'),
	('Scarlett', 'Gerling', '1978-06-01', 'sgerling8l@nytimes.com'),
	('Geraldine', 'Hake', '1989-05-06', 'ghake8m@yellowpages.com'),
	('Hubie', 'Margaret', '1990-08-29', 'hmargaret8n@freewebs.com'),
	('Mylo', 'Flipek', '1985-08-22', 'mflipek8o@blogs.com'),
	('Angie', 'Lawrence', '2006-03-05', 'alawrence8p@canalblog.com'),
	('Drugi', 'Scurman', '1996-10-31', 'dscurman8q@domainmarket.com'),
	('Sawyere', 'Gemmill', '1991-08-07', 'sgemmill8r@drupal.org'),
	('Jackelyn', 'Rheaume', '1991-02-21', 'jrheaume8s@google.es'),
	('Ximenes', 'MacCorkell', '1978-09-24', 'xmaccorkell8t@dedecms.com'),
	('Belicia', 'Cornil', '1997-09-27', 'bcornil8u@squarespace.com'),
	('Hope', 'Britcher', '1985-12-04', 'hbritcher8v@cargocollective.com'),
	('Alexandr', 'Perl', '1982-03-01', 'aperl8w@microsoft.com'),
	('Yehudi', 'Basset', '2006-08-02', 'ybasset8x@amazonaws.com'),
	('Sid', 'De Lacey', '1999-02-05', 'sdelacey8y@soundcloud.com'),
	('Marten', 'Kiljan', '1988-11-25', 'mkiljan8z@geocities.com'),
	('Abbi', 'Archbell', '1993-10-04', 'aarchbell90@berkeley.edu'),
	('Madalyn', 'Sealy', '1988-12-27', 'msealy91@aboutads.info'),
	('Rosalinda', 'Pontefract', '1994-04-29', 'rpontefract92@auda.org.au'),
	('Conrade', 'Capozzi', '1991-11-22', 'ccapozzi93@answers.com'),
	('Quincy', 'Cullagh', '1980-10-19', 'qcullagh94@newsvine.com'),
	('Rosita', 'Scattergood', '1982-12-01', 'rscattergood95@ifeng.com'),
	('Hamish', 'Rizziello', '1998-10-28', 'hrizziello96@alexa.com'),
	('Jessalyn', 'Malpas', '1981-07-30', 'jmalpas97@biblegateway.com'),
	('Jaquelyn', 'Figin', '1980-06-19', 'jfigin98@cnet.com'),
	('Josy', 'Cobbold', '1982-06-12', 'jcobbold99@ameblo.jp'),
	('Pryce', 'Pedri', '1982-09-22', 'ppedri9a@symantec.com'),
	('Agnesse', 'Cathery', '1992-10-27', 'acathery9b@clickbank.net'),
	('Gilberto', 'Le Leu', '2005-10-10', 'gleleu9c@jimdo.com'),
	('Kati', 'Colliard', '1999-06-09', 'kcolliard9d@shop-pro.jp'),
	('Coretta', 'Simenon', '2001-03-12', 'csimenon9e@stumbleupon.com'),
	('Renelle', 'MacCall', '1975-12-28', 'rmaccall9f@cdbaby.com'),
	('Jolee', 'Norsister', '1996-05-15', 'jnorsister9g@auda.org.au'),
	('Brendan', 'Banghe', '1979-07-11', 'bbanghe9h@naver.com'),
	('Elia', 'Crim', '1982-06-05', 'ecrim9i@geocities.jp'),
	('Emile', 'Turgoose', '1977-07-18', 'eturgoose9j@gov.uk'),
	('Onfre', 'Harwin', '1995-11-07', 'oharwin9k@sun.com'),
	('Ronnie', 'Maccaddie', '2005-12-16', 'rmaccaddie9l@columbia.edu'),
	('Alison', 'Dye', '1977-10-05', 'adye9m@devhub.com'),
	('Ichabod', 'Pallaske', '1989-08-02', 'ipallaske9n@ihg.com'),
	('Ingeberg', 'Vaun', '1996-08-22', 'ivaun9o@wufoo.com'),
	('Whittaker', 'Hatcliffe', '1983-08-23', 'whatcliffe9p@timesonline.co.uk'),
	('Miof mela', 'Dinse', '1985-10-02', 'mdinse9q@nydailynews.com'),
	('Mair', 'Patmore', '1976-03-19', 'mpatmore9r@wikia.com'),
	('Ingra', 'Guterson', '1998-05-22', 'iguterson9s@irs.gov'),
	('Malvina', 'Wardrope', '1982-02-02', 'mwardrope9t@reverbnation.com'),
	('Gerta', 'Tatnell', '1992-02-23', 'gtatnell9u@example.com'),
	('Luci', 'Kaemena', '1986-03-21', 'lkaemena9v@sphinn.com'),
	('Lavina', 'Beathem', '1982-01-11', 'lbeathem9w@last.fm'),
	('Erastus', 'Simonite', '1984-04-06', 'esimonite9x@si.edu'),
	('Geno', 'Aberdeen', '2005-11-12', 'gaberdeen9y@list-manage.com'),
	('Marlowe', 'Sirkett', '1993-07-02', 'msirkett9z@1688.com'),
	('Gregoire', 'Mordanti', '1979-01-08', 'gmordantia0@ucsd.edu'),
	('Florida', 'Haylock', '1998-04-22', 'fhaylocka1@wsj.com'),
	('Ingaborg', 'Langstrath', '1991-10-02', 'ilangstratha2@typepad.com'),
	('Sanders', 'Sapseed', '1995-01-23', 'ssapseeda3@macromedia.com'),
	('Charlena', 'Montague', '2001-03-15', 'cmontaguea4@sfgate.com'),
	('Sandi', 'Bellenger', '1992-03-13', 'sbellengera5@cornell.edu'),
	('Nathan', 'Burnie', '1987-02-15', 'nburniea6@1und1.de'),
	('Pooh', 'Ivens', '1977-05-08', 'pivensa7@nytimes.com'),
	('Vernon', 'Taffe', '1981-07-28', 'vtaffea8@marriott.com'),
	('Gil', 'Pelerin', '2005-07-17', 'gpelerina9@rakuten.co.jp'),
	('Karry', 'Bailles', '1977-09-12', 'kbaillesaa@drupal.org'),
	('Torry', 'Stratiff', '1992-09-25', 'tstratiffab@e-recht24.de'),
	('Gino', 'Hauch', '1981-03-10', 'ghauchac@soundcloud.com'),
	('Tamara', 'Hargrove', '1986-10-17', 'thargrovead@telegraph.co.uk'),
	('Sari', 'Fellows', '2007-06-16', 'sfellowsae@google.com'),
	('Tarra', 'Batchley', '1992-02-16', 'tbatchleyaf@naver.com'),
	('Jameson', 'Raund', '1975-01-19', 'jraundag@tmall.com'),
	('George', 'Rallin', '1975-12-09', 'grallinah@abc.net.au'),
	('Kimble', 'Quainton', '1995-08-23', 'kquaintonai@amazon.co.jp'),
	('Etti', 'Laddle', '2003-06-12', 'eladdleaj@google.ru'),
	('Camellia', 'Fearn', '1987-11-22', 'cfearnak@admin.ch'),
	('Benito', 'Yurkiewicz', '1996-12-07', 'byurkiewiczal@ucla.edu'),
	('Rickey', 'Deville', '1996-07-18', 'rdevilleam@umich.edu'),
	('Freida', 'Drakeley', '1976-05-02', 'fdrakeleyan@people.com.cn'),
	('Dorothy', 'Rikkard', '1992-01-13', 'drikkardao@sohu.com'),
	('Lynsey', 'Bett', '1991-09-26', 'lbettap@gnu.org'),
	('Shanon', 'Kubatsch', '2000-04-19', 'skubatschaq@devhub.com'),
	('Nicolina', 'Morkham', '1991-12-04', 'nmorkhamar@odnoklassniki.ru'),
	('Tallie', 'Duckett', '1983-10-11', 'tduckettas@discuz.net'),
	('Dietrich', 'Barthot', '1987-08-09', 'dbarthotat@home.pl'),
	('Ambros', 'Duncanson', '1991-08-12', 'aduncansonau@biblegateway.com'),
	('Olenolin', 'Bentke', '1978-03-21', 'obentkeav@behance.net'),
	('Donal', 'Sainter', '1976-04-24', 'dsainteraw@techcrunch.com'),
	('Zeke', 'Fosbraey', '1979-09-10', 'zfosbraeyax@noaa.gov'),
	('Lesly', 'Coller', '2001-11-28', 'lcolleray@hc360.com'),
	('Jonathon', 'Camplejohn', '1989-11-09', 'jcamplejohnaz@ca.gov'),
	('Miltie', 'Hulance', '2000-01-07', 'mhulanceb0@businessinsider.com'),
	('Jonas', 'Kolak', '1977-11-30', 'jkolakb1@aboutads.info'),
	('Jessamine', 'Aland', '1998-04-30', 'jalandb2@opera.com'),
	('Billie', 'Kippen', '1975-04-03', 'bkippenb3@yelp.com'),
	('Corrie', 'Richfield', '1978-06-12', 'crichfieldb4@multiply.com'),
	('Dominick', 'Mawhinney', '1996-11-01', 'dmawhinneyb5@csmonitor.com'),
	('Felecia', 'Nursey', '1996-10-24', 'fnurseyb6@pcworld.com'),
	('Isahella', 'Locker', '1986-08-18', 'ilockerb7@163.com'),
	('Craig', 'Duerden', '1986-10-08', 'cduerdenb8@admin.ch'),
	('Ward', 'Monteith', '1981-04-13', 'wmonteithb9@digg.com'),
	('Junia', 'Pimer', '1982-05-08', 'jpimerba@uiuc.edu'),
	('Brandy', 'Weinmann', '1986-04-09', 'bweinmannbb@dion.ne.jp'),
	('Magdalen', 'Hear', '1989-12-24', 'mohearbc@timesonline.co.uk'),
	('Cindee', 'Hardaker', '1989-05-01', 'chardakerbd@bbb.org'),
	('Hillary', 'Beckworth', '1995-11-19', 'hbeckworthbe@rakuten.co.jp'),
	('Alistair', 'McAvaddy', '2002-11-11', 'amcavaddybf@zimbio.com'),
	('Olivier', 'Bryett', '1977-08-15', 'obryettbg@goo.gl'),
	('Neill', 'Levings', '1989-06-01', 'nlevingsbh@geocities.com'),
	('Lezley', 'Surphliss', '1984-03-23', 'lsurphlissbi@wufoo.com'),
	('Arni', 'Mosby', '2000-01-06', 'amosbybj@sciencedaily.com'),
	('Darcy', 'Arnke', '1976-05-12', 'darnkebk@biglobe.ne.jp'),
	('Alexis', 'Petranek', '1994-09-30', 'apetranekbl@eventbrite.com'),
	('Constantia', 'Odney', '1989-04-22', 'codneybm@wsj.com'),
	('Galina', 'Sartain', '1982-09-16', 'gsartainbn@purevolume.com'),
	('Cynthea', 'Catherall', '1977-01-31', 'ccatherallbo@miitbeian.gov.cn'),
	('Simon', 'Shaddick', '1982-05-24', 'sshaddickbp@surveymonkey.com'),
	('Pattie', 'Pott', '1977-05-01', 'ppottbq@sogou.com'),
	('Israel', 'Buzek', '1979-12-20', 'ibuzekbr@github.com'),
	('Clea', 'Face', '1989-01-24', 'cfacebs@hatena.ne.jp'),
	('Fancie', 'Rentelll', '1983-03-16', 'frentelllbt@cbslocal.com'),
	('Allen', 'Fallowes', '1998-04-24', 'afallowesbu@google.cn'),
	('Patric', 'Pulver', '1994-03-29', 'ppulverbv@people.com.cn'),
	('Delphinia', 'Barrowcliff', '1991-05-17', 'dbarrowcliffbw@vimeo.com'),
	('Abbe', 'Semarke', '1997-12-15', 'asemarkebx@google.nl'),
	('Aimee', 'Bricket', '2003-03-17', 'abricketby@squidoo.com'),
	('Saundra', 'Magrane', '1988-11-11', 'smagranebz@mlb.com'),
	('Dianne', 'Wixey', '1996-09-09', 'dwixeyc0@google.it'),
	('Francesco', 'Trehearne', '1985-08-07', 'ftrehearnec1@omniture.com'),
	('Wright', 'Teffrey', '1999-11-10', 'wteffreyc2@jalbum.net'),
	('Bert', 'Kerner', '1996-08-07', 'bkernerc3@xrea.com'),
	('Cally', 'Savaage', '1975-01-19', 'csavaagec4@independent.co.uk'),
	('Cobb', 'Jaray', '1980-11-06', 'cjarayc5@ycombinator.com'),
	('Clarisse', 'Tacker', '1977-11-25', 'ctackerc6@lulu.com'),
	('Gwen', 'Giorgiutti', '2005-08-12', 'ggiorgiuttic7@merriam-webster.com'),
	('Vivienne', 'Suart', '1988-02-06', 'vsuartc8@un.org'),
	('Humfried', 'Ridewood', '1992-12-02', 'hridewoodc9@feedburner.com'),
	('Dav', 'Hilland', '2003-09-30', 'dhillandca@umich.edu'),
	('Aldon', 'Mushett', '2001-12-24', 'amushettcb@twitter.com'),
	('Ondrea', 'Pannett', '1990-05-30', 'opannettcc@furl.net'),
	('Franny', 'Gallimore', '1984-06-30', 'fgallimorecd@wufoo.com'),
	('Carver', 'Mc Andrew', '2005-12-17', 'cmcandrewce@aol.com'),
	('Elsa', 'Stolze', '2002-05-01', 'estolzecf@networkadvertising.org'),
	('Nari', 'Stout', '1982-11-01', 'nstoutcg@cbc.ca'),
	('Eduino', 'Ossenna', '2000-12-10', 'eossennach@salon.com'),
	('Orlando', 'Lasslett', '1995-11-30', 'olasslettci@weebly.com'),
	('Feodora', 'Plimmer', '1991-02-18', 'fplimmercj@diigo.com'),
	('Lazaro', 'Weatherburn', '1983-04-03', 'lweatherburnck@wikia.com'),
	('Berkeley', 'Ballintyne', '1984-02-28', 'bballintynecl@ed.gov'),
	('Lee', 'Dany', '1992-06-01', 'ldanycm@cpanel.net'),
	('Shelley', 'Johnigan', '2004-03-16', 'sjohnigancn@google.fr'),
	('Skelly', 'Moores', '1995-06-29', 'smooresco@com.com'),
	('Manya', 'Cherrie', '1987-04-20', 'mcherriecp@diigo.com'),
	('Pamela', 'Want', '1982-01-11', 'pwantcq@nba.com'),
	('Thoma', 'Escale', '1999-05-24', 'tescalecr@microsoft.com'),
	('Temple', 'Karmel', '1978-12-25', 'tkarmelcs@weebly.com'),
	('Wylma', 'Alwell', '1995-06-20', 'walwellct@github.io'),
	('Carita', 'Cormode', '1996-06-07', 'ccormodecu@t-online.de'),
	('Leslie', 'Fogg', '1982-10-18', 'lfoggcv@cnn.com'),
	('Chevy', 'Glauber', '1989-09-03', 'cglaubercw@free.fr'),
	('Heriberto', 'Feek', '1989-02-27', 'hfeekcx@mysql.com'),
	('Elinore', 'Delaprelle', '1991-01-23', 'edelaprellecy@simplemachines.org'),
	('Elyn', 'Prangle', '2004-04-12', 'epranglecz@google.it'),
	('Dukey', 'Watts', '1975-02-20', 'dwattsd0@alexa.com'),
	('Consuelo', 'Sailor', '2006-11-20', 'csailord1@people.com.cn'),
	('Paxton', 'Tanfield', '1986-08-24', 'ptanfieldd2@usa.gov'),
	('Rik', 'Fairhead', '1982-10-26', 'rfairheadd3@epa.gov'),
	('Avril', 'Imort', '1986-09-19', 'aimortd4@ebay.co.uk'),
	('Jobi', 'Horrod', '1997-03-12', 'jhorrodd5@sourceforge.net'),
	('Elke', 'Smeuin', '1981-10-11', 'esmeuind6@columbia.edu'),
	('Alasteir', 'Meaddowcroft', '2007-08-27', 'ameaddowcroftd7@shutterfly.com'),
	('Glen', 'Georgeot', '1990-06-14', 'ggeorgeotd8@biglobe.ne.jp'),
	('Rodd', 'Loveman', '2002-11-25', 'rlovemand9@tripod.com'),
	('Sonny', 'Dimnage', '2001-01-11', 'sdimnageda@woothemes.com'),
	('Corissa', 'Eite', '1981-05-01', 'ceitedb@deviantart.com'),
	('Bennie', 'Elders', '2001-07-11', 'beldersdc@mashable.com'),
	('Corny', 'Barthot', '1980-05-27', 'cbarthotdd@sun.com'),
	('Vina', 'Andrysiak', '1975-08-05', 'vandrysiakde@xing.com'),
	('Shelton', 'Kobierski', '1980-09-17', 'skobierskidf@kickstarter.com'),
	('Dani', 'Ortsmann', '1981-01-28', 'dortsmanndg@utexas.edu'),
	('Kandy', 'Hulcoop', '1996-02-29', 'khulcoopdh@webnode.com'),
	('Page', 'Brute', '1985-06-25', 'pbrutedi@yellowpages.com'),
	('Joanna', 'Meeking', '1990-06-01', 'jmeekingdj@eepurl.com'),
	('Alexi', 'Robardey', '2002-01-13', 'arobardeydk@livejournal.com'),
	('Gannon', 'Kincade', '1991-05-30', 'gkincadedl@networkadvertising.org'),
	('Zaneta', 'Chaimson', '1977-10-25', 'zchaimsondm@pbs.org'),
	('Ellyn', 'Blaxlande', '2003-03-25', 'eblaxlandedn@twitpic.com'),
	('Sianna', 'Sorbey', '1977-04-16', 'ssorbeydo@vistaprint.com'),
	('Ailina', 'Ratcliffe', '1982-08-12', 'aratcliffedp@sogou.com'),
	('Klara', 'Brightman', '1991-06-15', 'kbrightmandq@cbsnews.com'),
	('Clementia', 'Bentick', '1976-07-06', 'cbentickdr@redcross.org'),
	('Torey', 'Domek', '1985-03-09', 'tdomekds@blogspot.com'),
	('Fred', 'Colson', '1982-03-14', 'fcolsondt@example.com'),
	('Alene', 'Thatcher', '1993-01-25', 'athatcherdu@devhub.com'),
	('Georges', 'Jeffress', '1993-03-03', 'gjeffressdv@indiegogo.com'),
	('Kiah', 'Sinnatt', '1998-04-23', 'ksinnattdw@google.de'),
	('Viola', 'Ducker', '1999-01-06', 'vduckerdx@cdbaby.com'),
	('Bennett', 'Slator', '1996-06-09', 'bslatordy@list-manage.com'),
	('Puff', 'Szantho', '1995-12-05', 'pszanthodz@mit.edu'),
	('Barry', 'Montford', '1975-08-08', 'bmontforde0@ycombinator.com'),
	('Giana', 'Schimonek', '1975-08-05', 'gschimoneke1@cpanel.net'),
	('Artemis', 'Dumingo', '2003-06-25', 'adumingoe2@reuters.com'),
	('Siusan', 'Kilbey', '1979-01-03', 'skilbeye3@geocities.jp'),
	('Irina', 'Attersoll', '1979-10-09', 'iattersolle4@yolasite.com'),
	('Ewart', 'Knighton', '1975-05-31', 'eknightone5@biglobe.ne.jp'),
	('Burton', 'Quest', '2001-05-11', 'bqueste6@globo.com'),
	('Amy', 'Franciotti', '1986-11-22', 'afranciottie7@ask.com'),
	('Rubin', 'McConnell', '1980-03-28', 'rmcconnelle8@narod.ru'),
	('Joy', 'Pascall', '1989-01-29', 'jpascalle9@princeton.edu'),
	('Andie', 'Kalberer', '2003-06-01', 'akalbererea@msn.com'),
	('Filmore', 'Krolle', '2002-08-22', 'fkrolleeb@aboutads.info'),
	('Magdaia', 'Burnell', '1988-02-06', 'mburnellec@example.com'),
	('Janey', 'Warbey', '2002-08-11', 'jwarbeyed@ca.gov'),
	('Efren', 'Buttwell', '1985-05-24', 'ebuttwellee@nsw.gov.au'),
	('Elnore', 'Beddard', '2002-02-17', 'ebeddardef@netvibes.com'),
	('Flor', 'Heasly', '1980-07-08', 'fheaslyeg@cdc.gov'),
	('Shell', 'Masserel', '2003-08-01', 'smassereleh@abc.net.au'),
	('Celinka', 'Chesshyre', '1985-05-11', 'cchesshyreei@amazonaws.com'),
	('Babs', 'Aitken', '1998-03-09', 'baitkenej@epa.gov'),
	('Katy', 'Baptista', '1984-11-01', 'kbaptistaek@discuz.net'),
	('Dougie', 'Hewes', '1989-10-09', 'dhewesel@exblog.jp'),
	('Clarissa', 'Joinsey', '2003-02-15', 'cjoinseyem@networksolutions.com'),
	('Cornelius', 'Diver', '1993-05-29', 'cdiveren@pen.io'),
	('Lari', 'Hrinchishin', '1976-06-13', 'lhrinchishineo@ft.com'),
	('Binky', 'Jaggi', '1985-12-15', 'bjaggiep@tinypic.com'),
	('Goldina', 'Bickerstaffe', '1983-02-17', 'gbickerstaffeeq@behance.net'),
	('Lorettalorna', 'Goward', '1977-09-20', 'lgowarder@alibaba.com'),
	('Brok', 'Cuff', '1993-03-02', 'bcuffes@etsy.com'),
	('Sauveur', 'Noraway', '2002-12-24', 'snorawayet@alibaba.com'),
	('Berny', 'Birdseye', '2006-05-30', 'bbirdseyeeu@ft.com'),
	('Goldi', 'McWilliam', '1989-11-13', 'gmcwilliamev@soup.io'),
	('Win', 'Biffin', '2001-05-28', 'wbiffinew@miibeian.gov.cn'),
	('Crin', 'Tufts', '1987-05-17', 'ctuftsex@nhs.uk'),
	('Liva', 'Tuck', '1990-03-23', 'ltuckey@dedecms.com'),
	('Jonas', 'Kleisel', '2007-07-16', 'jkleiselez@ed.gov'),
	('Barnabe', 'Richings', '1996-07-20', 'brichingsf0@accuweather.com'),
	('Jeri', 'Skelhorn', '1988-04-17', 'jskelhornf1@digg.com'),
	('Tildy', 'Theseira', '1979-03-06', 'ttheseiraf2@usnews.com'),
	('Lorena', 'Corbally', '2004-07-22', 'lcorballyf3@smugmug.com'),
	('Konstantin', 'Ferraron', '2002-04-15', 'kferraronf4@wisc.edu'),
	('Ahmad', 'Hamblen', '1991-04-24', 'ahamblenf5@springer.com'),
	('Valera', 'Ternouth', '1990-09-21', 'vternouthf6@prlog.org'),
	('Brittne', 'Baskerfield', '1992-12-15', 'bbaskerfieldf7@samsung.com'),
	('Ricardo', 'Paynes', '1979-02-20', 'rpaynesf8@aboutads.info'),
	('Maureene', 'Pailin', '1995-02-03', 'mpailinf9@oakley.com'),
	('Nanci', 'Slyme', '1999-06-09', 'nslymefa@vinaora.com'),
	('Fern', 'Pauly', '2003-08-13', 'fpaulyfb@senate.gov'),
	('Rozalin', 'Scaice', '1978-10-17', 'rscaicefc@netvibes.com'),
	('Dewitt', 'Cromarty', '1976-10-06', 'dcromartyfd@sitemeter.com'),
	('Nevin', 'Blaine', '2006-06-14', 'nblainefe@toplist.cz'),
	('Clarance', 'Torricella', '2000-12-10', 'ctorricellaff@moonfruit.com'),
	('Lexy', 'Gamblin', '1987-06-22', 'lgamblinfg@reverbnation.com'),
	('Jaine', 'Mowson', '1983-10-28', 'jmowsonfh@hao123.com'),
	('Ely', 'Escale', '1978-04-24', 'eescalefi@wsj.com'),
	('Kellby', 'Lidgett', '1997-09-24', 'klidgettfj@macromedia.com'),
	('Tan', 'Pideon', '1989-08-26', 'tpideonfk@squarespace.com'),
	('Herby', 'Durdy', '1982-07-10', 'hdurdyfl@technorati.com'),
	('Orton', 'Mucklow', '1975-11-12', 'omucklowfm@spotify.com'),
	('Lissie', 'Buyers', '2007-09-02', 'lbuyersfn@prweb.com'),
	('Izzy', 'Cantopher', '1978-11-01', 'icantopherfo@macromedia.com'),
	('Kelsi', 'Petticrow', '1988-09-27', 'kpetticrowfp@elegantthemes.com'),
	('Chelsey', 'Groomebridge', '1999-02-13', 'cgroomebridgefq@flavors.me'),
	('Kaiser', 'Rusk', '1980-09-26', 'kruskfr@163.com'),
	('Selene', 'Woolner', '2004-03-26', 'swoolnerfs@ow.ly'),
	('Horst', 'Banker', '1984-01-20', 'hbankerft@wp.com'),
	('Ody', 'Skepper', '1997-02-07', 'oskepperfu@imageshack.us'),
	('Lotty', 'Loftie', '1986-09-29', 'lloftiefv@ibm.com'),
	('Sigmund', 'Muneely', '1986-08-31', 'smuneelyfw@istockphoto.com'),
	('Krisha', 'Vedishchev', '1986-02-08', 'kvedishchevfx@fotki.com'),
	('Fleurette', 'Dayce', '1988-11-19', 'fdaycefy@eepurl.com'),
	('Jacquelynn', 'Bendix', '1988-05-11', 'jbendixfz@ehow.com'),
	('Nicola', 'Percifer', '1983-07-17', 'nperciferg0@imdb.com'),
	('Bale', 'Sloper', '1983-10-17', 'bsloperg1@tinypic.com'),
	('Norry', 'Krienke', '1999-06-29', 'nkrienkeg2@51.la'),
	('Ham', 'Birkenshaw', '1994-03-04', 'hbirkenshawg3@liveinternet.ru'),
	('Leonanie', 'Locock', '1982-01-15', 'llocockg4@xrea.com'),
	('Madelena', 'Roskeilly', '1996-09-11', 'mroskeillyg5@newyorker.com'),
	('Andros', 'Emmanuele', '1989-03-30', 'aemmanueleg6@pagesperso-orange.fr'),
	('Pat', 'Care', '1998-09-27', 'pcareg7@howstuffworks.com'),
	('Kettie', 'Starsmore', '2005-02-26', 'kstarsmoreg8@drupal.org'),
	('Wilmer', 'Launchbury', '1980-01-17', 'wlaunchburyg9@webmd.com'),
	('Joshuah', 'Fergus', '1990-07-02', 'jofergusga@gmpg.org'),
	('Meredithe', 'Petriello', '1998-12-15', 'mpetriellogb@forbes.com'),
	('Nikolai', 'Clementi', '1977-04-11', 'nclementigc@ucla.edu'),
	('Clemens', 'Guillot', '1998-07-19', 'cguillotgd@mac.com'),
	('Mickey', 'Cobden', '1996-04-23', 'mcobdenge@nba.com'),
	('Quintana', 'Howroyd', '1977-03-01', 'qhowroydgf@skype.com'),
	('Linnell', 'Batterson', '1979-09-28', 'lbattersongg@walmart.com'),
	('Dulcie', 'Shatliff', '2007-07-24', 'dshatliffgh@independent.co.uk'),
	('Tim', 'Bassilashvili', '2005-08-04', 'tbassilashviligi@live.com'),
	('Rahal', 'Tivnan', '1990-04-16', 'rtivnangj@paginegialle.it'),
	('Renaud', 'Burrill', '2002-08-16', 'rburrillgk@si.edu'),
	('Randi', 'Streetfield', '1993-12-01', 'rstreetfieldgl@seattletimes.com'),
	('Lindie', 'Soitoux', '2003-03-18', 'lsoitouxgm@hubpages.com'),
	('Briano', 'Dane', '2004-12-16', 'bdanegn@paginegialle.it'),
	('Wilma', 'Brownbill', '1983-06-17', 'wbrownbillgo@com.com'),
	('Crystie', 'Silwood', '2000-10-18', 'csilwoodgp@ehow.com'),
	('Tonye', 'Kuban', '2002-08-14', 'tkubangq@discovery.com'),
	('Ofilia', 'Rooze', '1998-10-17', 'oroozegr@people.com.cn'),
	('Morley', 'Reignould', '1977-08-16', 'mreignouldgs@techcrunch.com'),
	('Thalia', 'Rugge', '1992-09-02', 'truggegt@eventbrite.com'),
	('Seward', 'Malzard', '1976-02-08', 'smalzardgu@reddit.com'),
	('David', 'Tollemache', '1991-06-21', 'dtollemachegv@ed.gov'),
	('Vincenz', 'Garr', '2002-03-29', 'vgarrgw@psu.edu'),
	('Brit', 'Ren', '1997-11-25', 'brengx@geocities.com'),
	('Stella', 'Dorracott', '2005-03-23', 'sdorracottgy@edublogs.org'),
	('Myra', 'McMinn', '2005-08-17', 'mmcminngz@slideshare.net'),
	('Moria', 'Picker', '1983-08-05', 'mpickerh0@theglobeandmail.com'),
	('Valentina', 'Nichols', '1985-02-06', 'vnicholsh1@bandcamp.com'),
	('Bernetta', 'Autie', '1995-07-07', 'bautieh2@webs.com'),
	('Tessa', 'Unger', '1995-05-03', 'tungerh3@google.pl'),
	('Lauralee', 'Clell', '1999-03-16', 'lclellh4@blogtalkradio.com'),
	('Orsola', 'Hoodlass', '1992-01-15', 'ohoodlassh5@nature.com'),
	('Elsey', 'Ciobutaru', '2007-10-17', 'eciobutaruh6@guardian.co.uk'),
	('Tucker', 'Carrol', '1985-11-25', 'tocarrolh7@springer.com'),
	('Gregoire', 'Leyban', '1996-06-25', 'gleybanh8@odnoklassniki.ru'),
	('Tobie', 'Gorce', '1999-03-12', 'tgorceh9@newyorker.com'),
	('Kyla', 'Zarfati', '1996-01-01', 'kzarfatiha@squidoo.com'),
	('Ally', 'Ysson', '1975-09-04', 'ayssonhb@answers.com'),
	('Inger', 'Bickley', '1985-09-13', 'ibickleyhc@booking.com'),
	('Dinny', 'Cleeton', '1987-12-13', 'dcleetonhd@alibaba.com'),
	('Mina', 'Allabarton', '1982-05-26', 'mallabartonhe@house.gov'),
	('Magdalene', 'Vearncombe', '1994-09-01', 'mvearncombehf@newyorker.com'),
	('Monte', 'Desmond', '2002-03-30', 'mdesmondhg@hc360.com'),
	('Lev', 'Heinemann', '1996-08-02', 'lheinemannhh@163.com'),
	('Donnie', 'Wharf', '2001-02-11', 'dwharfhi@hexun.com'),
	('Linc', 'Faircloth', '2001-05-01', 'lfairclothhj@admin.ch'),
	('Maire', 'Trineman', '1988-08-19', 'mtrinemanhk@wisc.edu'),
	('Rachael', 'Robertucci', '1988-04-06', 'rrobertuccihl@sciencedaily.com'),
	('Delores', 'Murch', '1994-07-31', 'dmurchhm@google.fr'),
	('Hinda', 'Eldred', '2006-09-17', 'heldredhn@123-reg.co.uk'),
	('Louella', 'Bertl', '1983-01-19', 'lbertlho@w3.org'),
	('Kerstin', 'MacCaughen', '2003-04-09', 'kmaccaughenhp@hud.gov'),
	('Maudie', 'Marsham', '2004-03-15', 'mmarshamhq@pcworld.com'),
	('Clifford', 'Wybrew', '1989-07-27', 'cwybrewhr@uiuc.edu'),
	('Edwina', 'Pallaske', '2000-11-28', 'epallaskehs@meetup.com'),
	('Helena', 'Jeandet', '1996-01-11', 'hjeandetht@unicef.org'),
	('Robinett', 'Bonnin', '2004-11-11', 'rbonninhu@miitbeian.gov.cn'),
	('Clarence', 'Heinrich', '1975-01-12', 'cheinrichhv@shareasale.com'),
	('Jake', 'Ablott', '2004-09-19', 'jablotthw@photobucket.com'),
	('Mark', 'Sertin', '2000-11-06', 'msertinhx@devhub.com'),
	('Georgia', 'Popplewell', '1992-03-12', 'gpopplewellhy@php.net'),
	('Carry', 'Vasyukhichev', '1989-04-26', 'cvasyukhichevhz@ftc.gov'),
	('Frederick', 'Poulton', '1978-11-30', 'fpoultoni0@wired.com'),
	('Heinrick', 'Styan', '2006-11-29', 'hstyani1@state.gov'),
	('Gigi', 'Eicheler', '1995-08-10', 'geicheleri2@over-blog.com'),
	('Gabriella', 'Stallion', '1978-09-16', 'gstallioni3@stumbleupon.com'),
	('Lance', 'Dello', '2003-03-31', 'ldelloi4@moonfruit.com'),
	('Elana', 'Lomb', '1992-01-26', 'elombi5@angelfire.com'),
	('Nate', 'de Clercq', '1978-08-04', 'ndeclercqi6@china.com.cn'),
	('Lucais', 'Calderbank', '1978-06-03', 'lcalderbanki7@vistaprint.com'),
	('Davina', 'Grady', '1975-07-08', 'dogradyi8@theguardian.com'),
	('Bear', 'Dangerfield', '1978-05-03', 'bdangerfieldi9@rakuten.co.jp'),
	('Alic', 'Dormer', '2004-01-01', 'adormeria@mediafire.com'),
	('Reid', 'Chetwynd', '1987-02-13', 'rchetwyndib@accuweather.com'),
	('Jerome', 'Verty', '1981-11-29', 'jvertyic@blinklist.com'),
	('Kippie', 'Micklem', '1985-08-18', 'kmicklemid@senate.gov'),
	('Debbie', 'Rault', '2000-11-27', 'draultie@oaic.gov.au'),
	('Lynna', 'Havard', '2002-07-09', 'lhavardif@dell.com'),
	('Sim', 'Exrol', '2001-01-20', 'sexrolig@dailymotion.com'),
	('Jarib', 'Cowey', '2006-11-15', 'jcoweyih@ft.com'),
	('Myrah', 'Scandall', '2003-08-27', 'moscandallii@github.io'),
	('Ola', 'Brewood', '1982-02-17', 'obrewoodij@aboutads.info'),
	('Mildrid', 'Straun', '2003-09-17', 'mstraunik@scribd.com'),
	('Elihu', 'Clouston', '1996-10-16', 'ecloustonil@goo.gl'),
	('Den', 'Proppers', '2000-09-27', 'dproppersim@meetup.com'),
	('Carolee', 'Linstead', '1984-06-06', 'clinsteadin@tripod.com'),
	('Sybila', 'Anster', '1989-03-12', 'sansterio@purevolume.com'),
	('Quillan', 'Baudic', '1993-05-04', 'qbaudicip@typepad.com'),
	('Melisse', 'Boate', '1996-08-02', 'mboateiq@reverbnation.com'),
	('Rianon', 'Dwelly', '2006-10-01', 'rdwellyir@google.nl'),
	('Nadya', 'Caunt', '1997-12-14', 'ncauntis@guardian.co.uk'),
	('Wendall', 'Gunningham', '1997-03-27', 'wgunninghamit@va.gov'),
	('Mile', 'Mityashev', '1995-04-28', 'mmityasheviu@gmpg.org'),
	('Trina', 'Klazenga', '1998-04-22', 'tklazengaiv@surveymonkey.com'),
	('Deni', 'Britch', '1980-06-25', 'dbritchiw@thetimes.co.uk'),
	('Dru', 'Witty', '1986-10-30', 'dwittyix@aol.com'),
	('Viole', 'Dunnan', '1994-06-12', 'vdunnaniy@reuters.com'),
	('Arabela', 'Butteris', '1992-09-12', 'abutterisiz@google.co.uk'),
	('Bidget', 'Lilburn', '1998-11-12', 'blilburnj0@adobe.com'),
	('Noellyn', 'Giannotti', '2007-10-30', 'ngiannottij1@slashdot.org'),
	('Michelina', 'Hayth', '1981-08-09', 'mhaythj2@blogs.com'),
	('Erena', 'Menhenitt', '2005-06-24', 'emenhenittj3@privacy.gov.au'),
	('Rey', 'McKerton', '2003-10-26', 'rmckertonj4@cargocollective.com'),
	('Rowe', 'Peacock', '2005-08-09', 'rpeacockj5@freewebs.com'),
	('Welby', 'Ferri', '1999-11-08', 'wferrij6@free.fr'),
	('Gustav', 'Mathiassen', '2001-08-01', 'gmathiassenj7@mlb.com'),
	('Judah', 'Jimmison', '1980-07-28', 'jjimmisonj8@dailymotion.com'),
	('Donnie', 'Cuthill', '1996-11-05', 'dcuthillj9@sohu.com'),
	('Casi', 'Peevor', '1986-02-26', 'cpeevorja@wp.com'),
	('Gus', 'Farran', '2003-01-13', 'gfarranjb@etsy.com'),
	('Ambros', 'Eastlake', '1990-10-31', 'aeastlakejc@shutterfly.com'),
	('Murvyn', 'Baroch', '1994-10-10', 'mbarochjd@360.cn'),
	('Manny', 'Litton', '1996-12-19', 'mlittonje@go.com'),
	('Blisse', 'Trippick', '1988-01-12', 'btrippickjf@upenn.edu')
;

-- insercion de datos en CUSTOMIZATIONS
INSERT INTO CUSTOMIZATIONS (custom_type)
VALUES
	('Name Printed'),
    ('Embroidery'),
    ('Laser Engraving'),
    ('No_Custom')
;

INSERT INTO PROD_CATEG (category)
VALUES
	('Running'),
    ('Deportivas'),
    ('Urbanas')
;

-- insercion de datos en PROD_COLOUR
INSERT INTO PROD_COLOUR (colour)
VALUES
    ('Blue'),
    ('White'),
    ('Black'),
    ('Green'),
    ('Red')
;

-- insercion de datos en PROD_SIZE
INSERT INTO PROD_SIZE (size)
VALUES
    (39),
    (40),
    (41),
    (42)
;

-- insercion de datos en TIME_DELIVERY
INSERT INTO TIME_DELIVERY (id_time_del, time_del_type)
VALUES
	(1, 'Standard'),
    (2, 'Fast')
;

INSERT INTO PRODUCTS (stock, price, id_size, id_colour, id_prod_categ)
VALUES
	(20, 59300, 1, 1, 1),
	(9, 47900, 1, 1, 2),
	(13, 76000, 1, 1, 3),
	(17, 63700, 1, 2, 1),
	(22, 61300, 1, 2, 2),
	(23, 56700, 1, 2, 3),
	(7, 43000, 1, 3, 1),
	(24, 49000, 1, 3, 2),
	(12, 89400, 1, 3, 3),
	(10, 67900, 1, 4, 1),
	(9, 83200, 1, 4, 2),
	(27, 91500, 1, 4, 3),
	(1, 55800, 1, 5, 1),
	(27, 60100, 1, 5, 2),
	(15, 65800, 1, 5, 3),
	(15, 59300, 2, 1, 1),
	(17, 47900, 2, 1, 2),
	(11, 76000, 2, 1, 3),
	(7, 63700, 2, 2, 1),
	(27, 61300, 2, 2, 2),
	(26, 56700, 2, 2, 3),
	(22, 43000, 2, 3, 1),
	(24, 49000, 2, 3, 2),
	(7, 89400, 2, 3, 3),
	(17, 67900, 2, 4, 1),
	(5, 83200, 2, 4, 2),
	(17, 91500, 2, 4, 3),
	(9, 55800, 2, 5, 1),
	(24, 60100, 2, 5, 2),
	(14, 65800, 2, 5, 3),
	(16, 59300, 3, 1, 1),
	(25, 47900, 3, 1, 2),
	(3, 76000, 3, 1, 3),
	(29, 63700, 3, 2, 1),
	(1, 61300, 3, 2, 2),
	(13, 56700, 3, 2, 3),
	(16, 43000, 3, 3, 1),
	(22, 49000, 3, 3, 2),
	(3, 89400, 3, 3, 3),
	(10, 67900, 3, 4, 1),
	(13, 83200, 3, 4, 2),
	(30, 91500, 3, 4, 3),
	(29, 55800, 3, 5, 1),
	(20, 60100, 3, 5, 2),
	(10, 65800, 3, 5, 3),
	(6, 59300, 4, 1, 1),
	(22, 47900, 4, 1, 2),
	(22, 76000, 4, 1, 3),
	(25, 63700, 4, 2, 1),
	(28, 61300, 4, 2, 2),
	(27, 56700, 4, 2, 3),
	(0, 43000, 4, 3, 1),
	(3, 49000, 4, 3, 2),
	(1, 89400, 4, 3, 3),
	(15, 67900, 4, 4, 1),
	(14, 83200, 4, 4, 2),
	(12, 91500, 4, 4, 3),
	(12, 55800, 4, 5, 1),
	(8, 60100, 4, 5, 2),
	(3, 65800, 4, 5, 3)
;

INSERT INTO ORDERS (id_customer, date, id_branch, id_time_del)
VALUES
	(373, '2024-08-11 05:49', 2, 2),
	(459, '2023-01-08 06:31', 5, 1),
	(49, '2023-04-19 00:56', 1, 1),
	(664, '2024-06-15 22:26', 4, 1),
	(659, '2023-05-11 08:53', 1, 2),
	(643, '2023-04-09 14:53', 1, 1),
	(502, '2023-12-24 11:45', 2, 1),
	(53, '2023-11-24 22:04', 4, 2),
	(39, '2024-06-30 17:42', 2, 2),
	(344, '2025-03-31 00:46', 3, 1),
	(623, '2024-01-03 23:38', 4, 1),
	(44, '2023-02-22 05:54', 1, 1),
	(536, '2024-08-04 05:44', 4, 2),
	(496, '2025-01-29 09:50', 4, 1),
	(533, '2023-02-11 18:23', 4, 2),
	(587, '2023-02-10 01:40', 5, 2),
	(249, '2024-02-07 15:28', 5, 2),
	(505, '2024-03-04 02:58', 4, 2),
	(429, '2023-11-08 07:59', 3, 2),
	(94, '2023-03-12 00:32', 1, 1),
	(201, '2023-02-14 11:15', 2, 2),
	(117, '2024-10-03 22:54', 5, 1),
	(24, '2024-07-31 05:31', 4, 1),
	(386, '2024-05-02 19:33', 2, 2),
	(499, '2023-12-25 11:35', 2, 2),
	(32, '2023-11-26 03:09', 5, 1),
	(482, '2025-04-01 23:59', 3, 2),
	(545, '2023-04-23 23:17', 1, 2),
	(120, '2024-03-28 10:52', 5, 1),
	(554, '2023-01-06 07:15', 3, 1),
	(71, '2023-10-31 16:02', 3, 2),
	(196, '2023-09-14 14:32', 5, 1),
	(515, '2023-03-21 13:02', 2, 1),
	(183, '2023-11-01 18:45', 2, 2),
	(191, '2024-10-16 18:09', 2, 1),
	(392, '2025-03-26 14:40', 3, 2),
	(679, '2025-03-02 21:39', 5, 1),
	(31, '2023-01-13 21:07', 4, 1),
	(585, '2024-07-13 20:46', 4, 2),
	(515, '2025-01-12 02:52', 3, 1),
	(540, '2023-06-26 04:53', 5, 2),
	(603, '2023-05-14 01:05', 2, 1),
	(514, '2023-10-07 23:31', 2, 1),
	(346, '2024-06-26 07:01', 3, 1),
	(90, '2023-08-02 08:14', 2, 2),
	(655, '2025-03-11 19:04', 5, 1),
	(317, '2024-10-20 20:29', 1, 2),
	(563, '2024-07-30 00:42', 5, 2),
	(361, '2025-02-01 05:41', 3, 2),
	(118, '2025-03-07 10:26', 1, 1),
	(70, '2025-01-09 06:59', 3, 1),
	(486, '2024-03-16 20:48', 1, 1),
	(227, '2024-10-23 13:11', 4, 2),
	(357, '2023-08-04 05:06', 4, 1),
	(690, '2024-07-23 22:09', 3, 2),
	(58, '2023-05-30 09:03', 3, 2),
	(654, '2024-12-11 06:53', 5, 2),
	(122, '2023-01-11 04:29', 1, 1),
	(498, '2023-05-26 23:57', 3, 2),
	(181, '2024-03-22 17:26', 2, 2),
	(166, '2023-05-11 11:29', 2, 1),
	(499, '2023-07-16 21:51', 4, 1),
	(564, '2025-03-22 12:34', 3, 1),
	(383, '2024-11-06 10:48', 3, 2),
	(566, '2025-01-01 06:24', 1, 1),
	(267, '2023-06-30 03:39', 3, 1),
	(163, '2024-05-18 13:50', 2, 2),
	(585, '2025-04-19 15:36', 4, 2),
	(378, '2025-01-05 05:15', 5, 1),
	(524, '2023-01-04 11:12', 4, 2),
	(311, '2024-02-21 19:36', 1, 2),
	(666, '2024-04-13 12:13', 2, 1),
	(171, '2023-10-11 16:27', 2, 2),
	(554, '2023-04-04 00:17', 5, 2),
	(386, '2023-05-13 22:34', 5, 2),
	(357, '2024-09-27 03:42', 1, 1),
	(243, '2024-12-01 16:08', 5, 2),
	(232, '2023-07-04 12:22', 5, 2),
	(98, '2023-01-27 02:56', 4, 2),
	(311, '2024-03-12 03:14', 4, 2),
	(34, '2023-02-05 07:22', 1, 1),
	(642, '2025-02-10 23:17', 3, 1),
	(336, '2024-05-05 18:40', 5, 2),
	(40, '2023-11-16 09:25', 2, 1),
	(493, '2023-08-22 07:12', 2, 1),
	(336, '2024-11-21 13:47', 5, 2),
	(241, '2024-12-04 16:51', 5, 2),
	(227, '2023-06-28 21:26', 5, 1),
	(300, '2023-01-25 13:21', 1, 2),
	(326, '2023-10-12 10:54', 2, 1),
	(201, '2024-09-02 09:12', 5, 1),
	(211, '2023-04-16 12:40', 2, 2),
	(597, '2024-05-23 05:31', 1, 1),
	(353, '2023-08-28 13:42', 4, 1),
	(255, '2023-07-27 08:00', 1, 1),
	(609, '2023-04-19 18:04', 3, 1),
	(482, '2024-06-07 09:18', 3, 1),
	(216, '2024-12-25 11:20', 5, 1),
	(575, '2024-11-25 18:38', 2, 2),
	(209, '2023-04-17 20:40', 1, 1),
	(342, '2024-08-09 22:11', 3, 1),
	(468, '2024-12-25 05:16', 4, 2),
	(388, '2023-02-01 21:33', 4, 1),
	(697, '2024-06-04 12:42', 3, 1),
	(588, '2023-05-31 04:34', 3, 2),
	(605, '2024-08-20 00:19', 5, 1),
	(363, '2023-07-18 04:09', 5, 2),
	(47, '2023-11-21 10:29', 4, 1),
	(382, '2024-09-27 01:35', 3, 1),
	(444, '2023-02-14 22:09', 1, 2),
	(195, '2024-06-07 14:56', 4, 1),
	(343, '2023-03-02 06:16', 2, 1),
	(478, '2023-09-08 09:08', 5, 2),
	(265, '2024-10-03 01:44', 4, 2),
	(665, '2023-02-22 17:29', 3, 1),
	(366, '2024-06-04 18:16', 3, 2),
	(292, '2024-08-02 23:57', 2, 2),
	(5, '2024-02-22 14:21', 3, 2),
	(8, '2024-01-02 23:27', 3, 2),
	(245, '2025-03-21 18:59', 1, 2),
	(251, '2025-02-24 20:47', 5, 2),
	(293, '2023-01-12 13:47', 4, 1),
	(339, '2023-05-12 14:36', 1, 1),
	(591, '2023-12-15 20:04', 1, 1),
	(410, '2023-02-24 13:13', 4, 1),
	(65, '2023-07-04 06:29', 3, 2),
	(233, '2024-12-14 07:47', 2, 1),
	(615, '2025-02-04 03:31', 5, 1),
	(577, '2023-04-15 01:39', 2, 1),
	(382, '2024-05-26 15:20', 5, 1),
	(369, '2024-02-23 20:10', 2, 1),
	(212, '2024-06-19 20:08', 1, 1),
	(560, '2023-09-11 22:38', 3, 1),
	(216, '2023-03-01 14:08', 3, 2),
	(129, '2024-04-14 03:40', 1, 2),
	(455, '2025-04-11 01:36', 1, 2),
	(457, '2023-07-28 23:47', 5, 2),
	(500, '2024-03-08 08:13', 2, 2),
	(98, '2024-01-03 19:12', 3, 1),
	(117, '2023-01-17 06:27', 5, 2),
	(162, '2023-08-04 10:20', 3, 1),
	(504, '2023-07-23 05:22', 4, 2),
	(470, '2024-01-03 16:21', 4, 1),
	(24, '2024-04-20 03:06', 3, 2),
	(199, '2025-04-04 07:05', 2, 1),
	(176, '2024-03-11 15:03', 4, 2),
	(507, '2023-08-05 18:51', 3, 1),
	(284, '2023-08-09 06:44', 1, 2),
	(492, '2023-09-01 14:46', 5, 1),
	(622, '2023-08-26 11:20', 3, 1),
	(29, '2024-11-14 12:31', 1, 2),
	(284, '2025-02-04 15:32', 5, 2),
	(123, '2023-06-06 12:25', 5, 1),
	(121, '2023-12-16 14:58', 1, 2),
	(392, '2024-09-19 17:03', 5, 2),
	(590, '2024-11-05 13:44', 1, 1),
	(349, '2023-09-05 19:38', 3, 2),
	(446, '2024-10-06 17:36', 1, 1),
	(607, '2023-07-28 07:33', 3, 1),
	(673, '2023-05-04 03:25', 4, 1),
	(71, '2024-12-04 07:09', 4, 1),
	(185, '2024-03-22 12:34', 2, 1),
	(657, '2025-03-09 17:38', 5, 1),
	(153, '2023-11-28 04:38', 4, 1),
	(598, '2023-10-15 06:09', 2, 2),
	(625, '2023-05-02 05:55', 2, 2),
	(141, '2024-04-26 18:32', 2, 2),
	(460, '2024-06-29 06:28', 3, 2),
	(142, '2024-10-07 17:19', 3, 1),
	(289, '2024-05-10 08:38', 4, 2),
	(460, '2023-10-08 03:28', 1, 1),
	(638, '2023-04-04 07:59', 4, 2),
	(331, '2024-02-25 03:29', 5, 2),
	(225, '2023-07-26 02:46', 4, 1),
	(204, '2024-05-08 05:19', 1, 2),
	(636, '2025-03-26 03:00', 4, 2),
	(254, '2023-07-15 17:38', 1, 1),
	(414, '2024-10-31 12:14', 1, 1),
	(260, '2024-12-30 10:59', 2, 2),
	(298, '2024-04-14 06:32', 1, 1),
	(228, '2023-12-04 18:31', 3, 2),
	(401, '2024-11-10 09:03', 4, 1),
	(224, '2023-03-26 15:46', 2, 2),
	(675, '2023-06-22 08:08', 5, 2),
	(567, '2023-03-20 18:55', 1, 1),
	(25, '2023-10-04 18:48', 5, 2),
	(82, '2024-06-26 04:12', 3, 1),
	(607, '2025-02-08 22:59', 4, 2),
	(695, '2023-12-21 08:01', 3, 2),
	(394, '2023-07-13 05:08', 4, 2),
	(438, '2024-11-17 04:05', 5, 2),
	(680, '2024-06-13 13:00', 4, 1),
	(489, '2023-04-26 18:35', 2, 1),
	(386, '2024-07-01 09:36', 2, 2),
	(433, '2023-11-01 03:20', 2, 1),
	(60, '2024-09-07 21:40', 3, 1),
	(264, '2024-04-23 12:46', 4, 2),
	(485, '2024-06-26 16:09', 1, 2),
	(63, '2023-10-06 01:42', 1, 1),
	(69, '2023-02-28 22:38', 5, 1),
	(420, '2024-01-31 14:56', 2, 1),
	(188, '2023-10-03 22:39', 1, 1),
	(318, '2023-01-16 18:41', 4, 2),
	(94, '2023-10-25 15:23', 2, 2),
	(649, '2024-10-16 20:43', 4, 2),
	(150, '2024-03-02 03:32', 5, 1),
	(332, '2024-04-09 16:52', 3, 2),
	(186, '2023-03-13 00:11', 5, 1),
	(341, '2023-04-18 14:47', 4, 2),
	(82, '2023-08-19 05:10', 3, 2),
	(4, '2024-12-27 14:09', 1, 2),
	(644, '2024-11-01 14:02', 3, 1),
	(39, '2024-11-18 06:22', 3, 2),
	(305, '2025-04-28 04:12', 4, 2),
	(3, '2025-01-10 19:55', 3, 1),
	(263, '2023-08-05 08:40', 4, 2),
	(107, '2024-04-06 14:54', 4, 1),
	(267, '2024-03-18 11:59', 5, 2),
	(670, '2024-02-15 17:19', 2, 1),
	(187, '2024-12-05 22:15', 5, 1),
	(601, '2024-10-16 07:26', 1, 1),
	(206, '2024-09-05 14:13', 4, 2),
	(90, '2024-08-03 17:47', 3, 1),
	(603, '2025-04-03 03:10', 5, 2),
	(130, '2023-02-11 19:30', 1, 2),
	(503, '2025-01-24 07:22', 5, 2),
	(452, '2023-07-24 17:24', 3, 1),
	(176, '2025-01-22 19:45', 4, 2),
	(424, '2023-07-20 02:42', 4, 1),
	(356, '2024-02-26 03:23', 1, 2),
	(64, '2024-01-15 01:26', 1, 1),
	(616, '2024-01-06 22:22', 3, 2),
	(82, '2023-12-14 22:06', 4, 1),
	(182, '2024-07-24 02:36', 3, 1),
	(240, '2023-03-21 03:06', 3, 2),
	(234, '2024-03-08 17:48', 4, 2),
	(114, '2023-04-18 23:52', 4, 2),
	(376, '2024-04-21 08:56', 1, 1),
	(683, '2024-11-30 07:04', 5, 1),
	(72, '2025-02-16 21:27', 5, 2),
	(115, '2024-05-05 01:53', 5, 1),
	(290, '2023-09-25 14:41', 4, 2),
	(577, '2024-10-06 14:08', 5, 1),
	(518, '2024-12-29 08:29', 1, 1),
	(540, '2023-12-27 20:31', 4, 1),
	(331, '2024-12-21 01:02', 2, 1),
	(449, '2024-01-20 00:04', 4, 1),
	(243, '2024-12-06 21:40', 4, 2),
	(646, '2023-04-02 23:03', 4, 1),
	(659, '2023-07-20 07:44', 1, 1),
	(124, '2024-02-05 17:40', 4, 1),
	(220, '2024-03-14 11:44', 5, 2),
	(411, '2024-02-03 05:19', 3, 2),
	(492, '2023-03-22 12:40', 5, 2),
	(88, '2023-09-13 22:35', 2, 1),
	(585, '2023-12-28 07:20', 5, 2),
	(65, '2024-03-23 05:25', 5, 2),
	(170, '2023-09-08 08:02', 3, 1),
	(37, '2024-11-23 09:29', 4, 2),
	(561, '2024-10-22 01:46', 1, 1),
	(49, '2025-03-08 02:55', 1, 1),
	(329, '2024-09-25 02:52', 3, 1),
	(370, '2024-05-24 14:09', 3, 2),
	(395, '2024-09-28 09:56', 1, 2),
	(437, '2024-03-07 11:08', 3, 1),
	(77, '2023-05-30 22:13', 5, 1),
	(498, '2023-11-14 17:25', 3, 1),
	(437, '2024-06-18 10:08', 2, 2),
	(385, '2024-04-16 09:03', 1, 2),
	(146, '2024-07-20 19:45', 2, 1),
	(409, '2024-07-03 08:58', 3, 2),
	(295, '2024-08-24 16:13', 4, 1),
	(550, '2023-01-26 13:16', 2, 2),
	(269, '2024-08-23 15:32', 2, 1),
	(180, '2024-07-13 22:02', 2, 2),
	(118, '2025-02-13 06:59', 5, 2),
	(480, '2024-08-01 13:12', 5, 1),
	(394, '2023-10-19 16:54', 1, 1),
	(533, '2023-06-08 20:18', 4, 1),
	(438, '2024-09-02 10:00', 5, 1),
	(163, '2024-09-08 06:49', 4, 1),
	(347, '2025-03-18 05:20', 4, 1),
	(569, '2023-10-05 05:56', 4, 1),
	(535, '2023-03-10 05:55', 4, 1),
	(139, '2024-07-01 10:28', 5, 1),
	(562, '2023-04-16 10:41', 1, 2),
	(264, '2023-02-10 12:17', 5, 2),
	(603, '2024-02-04 14:08', 4, 1),
	(483, '2023-01-26 21:53', 2, 2),
	(496, '2024-11-29 05:44', 5, 1),
	(475, '2023-11-28 10:08', 3, 2),
	(679, '2024-05-01 00:15', 2, 2),
	(683, '2023-09-21 12:55', 4, 2),
	(630, '2025-01-04 00:35', 5, 1),
	(387, '2024-04-27 13:55', 4, 2),
	(126, '2024-03-09 04:24', 3, 2),
	(98, '2023-07-19 12:56', 5, 1),
	(510, '2023-04-05 14:30', 4, 1),
	(64, '2024-03-07 12:08', 1, 2),
	(432, '2024-06-04 16:49', 4, 2),
	(485, '2024-08-28 07:50', 1, 1),
	(391, '2024-06-10 23:50', 5, 1),
	(59, '2023-02-06 06:55', 4, 2),
	(85, '2023-04-24 18:04', 4, 2),
	(166, '2024-06-28 23:48', 4, 1),
	(404, '2024-08-21 15:31', 3, 1),
	(425, '2024-09-13 21:55', 2, 2),
	(333, '2024-01-11 07:24', 3, 1),
	(89, '2024-11-03 21:07', 3, 1),
	(442, '2023-08-03 15:54', 5, 1),
	(508, '2025-04-17 03:12', 3, 1),
	(118, '2025-04-23 08:44', 3, 1),
	(15, '2025-02-14 22:02', 2, 1),
	(214, '2024-12-30 13:54', 2, 1),
	(151, '2023-07-22 11:43', 2, 2),
	(697, '2025-01-20 21:14', 1, 1),
	(340, '2024-09-11 09:58', 3, 2),
	(145, '2024-05-08 14:35', 2, 1),
	(44, '2024-08-28 10:02', 4, 2),
	(142, '2024-03-24 13:21', 5, 1),
	(407, '2023-06-13 00:23', 4, 2),
	(395, '2024-01-24 05:06', 5, 2),
	(499, '2023-05-25 11:10', 3, 1),
	(679, '2024-04-11 09:29', 5, 1),
	(327, '2023-01-10 04:04', 2, 1),
	(258, '2023-12-25 23:06', 1, 1),
	(591, '2023-04-05 21:00', 5, 2),
	(583, '2023-05-15 06:33', 3, 2),
	(685, '2023-07-25 22:17', 2, 1),
	(672, '2025-03-31 15:24', 3, 2),
	(627, '2024-06-03 16:05', 4, 1),
	(237, '2024-01-19 10:19', 4, 1),
	(76, '2024-07-18 10:25', 4, 1),
	(311, '2023-03-25 00:39', 5, 1),
	(188, '2023-05-26 01:29', 2, 1),
	(129, '2023-06-02 01:53', 3, 1),
	(103, '2025-01-09 18:15', 4, 1),
	(572, '2023-09-13 21:43', 1, 1),
	(333, '2023-11-08 11:06', 1, 2),
	(56, '2024-03-05 14:43', 1, 1),
	(9, '2023-09-18 09:35', 3, 1),
	(68, '2024-04-08 14:49', 5, 2),
	(363, '2024-09-19 20:46', 4, 1),
	(626, '2023-07-20 14:07', 2, 2),
	(94, '2024-10-29 11:09', 4, 2),
	(652, '2024-12-05 15:02', 1, 1),
	(155, '2024-04-26 10:50', 4, 1),
	(137, '2023-01-07 16:50', 4, 1),
	(249, '2024-10-12 22:25', 2, 2),
	(105, '2024-02-18 04:20', 1, 1),
	(235, '2023-01-12 22:04', 3, 1),
	(228, '2024-09-12 14:28', 2, 1),
	(184, '2023-07-18 21:27', 3, 1),
	(572, '2023-05-19 19:21', 2, 1),
	(109, '2024-10-05 08:18', 5, 1),
	(55, '2024-07-27 18:13', 3, 2),
	(248, '2024-10-29 02:29', 2, 2),
	(19, '2024-01-27 14:04', 5, 2),
	(138, '2024-09-03 19:16', 1, 1),
	(613, '2024-05-22 08:50', 5, 1),
	(144, '2024-11-09 09:40', 3, 2),
	(187, '2024-12-02 12:41', 2, 1),
	(545, '2024-10-29 02:59', 5, 1),
	(300, '2023-08-18 17:07', 1, 1),
	(25, '2023-11-04 15:17', 5, 2),
	(463, '2024-03-20 02:58', 4, 2),
	(485, '2025-03-08 20:52', 5, 1),
	(547, '2023-05-27 09:35', 2, 2),
	(356, '2023-08-25 18:30', 5, 1),
	(451, '2024-10-20 00:51', 5, 2),
	(441, '2024-01-10 14:55', 2, 1),
	(226, '2023-12-13 01:20', 5, 2),
	(177, '2023-10-02 02:57', 5, 1),
	(487, '2023-11-28 01:09', 4, 2),
	(170, '2023-10-03 21:57', 5, 2),
	(137, '2024-08-20 23:28', 5, 1),
	(487, '2025-03-18 00:05', 5, 1),
	(514, '2024-05-09 11:31', 3, 1),
	(442, '2023-12-22 16:33', 3, 2),
	(446, '2025-04-04 19:22', 2, 1),
	(215, '2023-04-14 16:26', 1, 1),
	(77, '2023-06-03 19:28', 3, 2),
	(276, '2024-11-20 22:11', 4, 2),
	(669, '2025-03-30 02:01', 2, 1),
	(638, '2023-03-29 09:54', 3, 1),
	(133, '2024-07-27 03:47', 4, 1),
	(579, '2024-08-07 11:23', 2, 2),
	(131, '2024-07-20 00:41', 5, 2),
	(626, '2023-09-25 18:00', 1, 1),
	(392, '2024-07-12 10:33', 3, 1),
	(223, '2023-01-09 11:59', 4, 1),
	(627, '2023-01-23 21:08', 4, 2),
	(203, '2025-03-29 05:59', 3, 2),
	(29, '2024-06-06 08:33', 5, 1),
	(226, '2024-08-04 17:55', 4, 1),
	(281, '2024-02-16 06:41', 3, 2),
	(663, '2024-09-14 00:47', 5, 1),
	(43, '2025-04-10 07:31', 5, 1),
	(261, '2023-12-30 13:07', 2, 2),
	(178, '2023-12-22 05:30', 2, 1),
	(458, '2023-03-29 08:06', 2, 1),
	(377, '2023-05-22 02:00', 4, 1),
	(127, '2023-06-05 22:43', 1, 1),
	(278, '2023-11-12 13:03', 5, 2),
	(604, '2023-06-06 22:37', 2, 2),
	(133, '2025-01-22 16:21', 3, 1),
	(284, '2024-08-02 01:39', 2, 2),
	(456, '2023-05-15 04:55', 4, 2),
	(210, '2024-11-16 11:47', 4, 2),
	(602, '2023-07-21 22:08', 1, 2),
	(259, '2023-04-15 18:02', 2, 1),
	(272, '2024-08-02 02:42', 4, 2),
	(592, '2024-01-23 12:59', 1, 2),
	(434, '2024-03-03 12:51', 4, 2),
	(67, '2024-10-08 13:44', 5, 1),
	(668, '2023-04-07 04:43', 5, 1),
	(59, '2023-02-09 02:33', 1, 1),
	(501, '2025-04-28 18:49', 1, 2),
	(219, '2023-11-29 08:09', 5, 2),
	(199, '2023-04-06 01:31', 3, 2),
	(622, '2025-02-12 08:13', 4, 2),
	(592, '2023-09-14 17:15', 4, 2),
	(610, '2024-05-11 11:48', 2, 1),
	(332, '2023-08-09 13:04', 3, 1),
	(15, '2025-01-15 07:58', 5, 1),
	(456, '2023-01-27 10:44', 1, 1),
	(432, '2023-04-03 09:24', 4, 1),
	(233, '2024-06-13 21:10', 5, 2),
	(56, '2025-01-18 00:00', 2, 2),
	(330, '2025-04-15 12:37', 4, 1),
	(592, '2024-12-26 03:08', 3, 2),
	(212, '2023-12-13 17:16', 4, 2),
	(1, '2024-12-18 04:48', 3, 2),
	(50, '2024-09-29 02:31', 2, 1),
	(208, '2024-05-31 17:38', 2, 1),
	(403, '2024-09-25 14:58', 3, 1),
	(339, '2023-02-03 06:01', 5, 2),
	(98, '2024-01-18 01:20', 1, 2),
	(135, '2024-03-23 19:49', 5, 1),
	(442, '2023-09-04 09:36', 1, 1),
	(647, '2024-05-20 03:20', 2, 1),
	(305, '2023-08-13 13:23', 1, 2),
	(457, '2023-08-22 13:09', 3, 1),
	(435, '2024-04-02 15:24', 2, 1),
	(313, '2024-08-17 22:49', 4, 2),
	(481, '2025-01-20 16:46', 3, 1),
	(145, '2024-08-07 07:27', 1, 1),
	(700, '2023-02-14 22:54', 1, 1),
	(547, '2024-05-12 07:23', 3, 2),
	(396, '2024-05-12 14:30', 4, 1),
	(472, '2023-09-08 01:30', 3, 2),
	(106, '2023-05-22 10:07', 1, 1),
	(597, '2023-09-30 17:46', 5, 2),
	(526, '2024-04-25 23:51', 1, 2),
	(39, '2024-07-09 02:46', 5, 2),
	(234, '2025-01-26 19:13', 1, 2),
	(608, '2023-02-24 15:33', 4, 2),
	(316, '2023-09-02 07:44', 1, 1),
	(516, '2023-03-16 20:30', 1, 2),
	(96, '2023-07-10 17:09', 2, 2),
	(378, '2024-01-05 12:01', 5, 2),
	(93, '2024-10-28 07:58', 2, 1),
	(307, '2023-02-15 23:11', 3, 1),
	(686, '2024-11-15 21:44', 4, 2),
	(233, '2024-12-09 08:39', 1, 1),
	(141, '2024-12-01 19:15', 3, 2),
	(641, '2023-06-29 04:13', 1, 2),
	(679, '2023-05-03 13:09', 2, 2),
	(652, '2023-07-07 20:51', 5, 2),
	(462, '2025-01-20 19:12', 1, 2),
	(89, '2023-06-04 05:38', 1, 1),
	(649, '2024-01-31 09:10', 2, 1),
	(254, '2024-05-28 00:58', 1, 2),
	(366, '2023-03-13 09:09', 2, 2),
	(394, '2023-12-25 19:51', 3, 1),
	(249, '2023-04-01 22:09', 1, 1),
	(141, '2025-02-07 04:12', 5, 1),
	(144, '2024-10-07 02:45', 3, 1),
	(30, '2024-01-17 22:16', 1, 1),
	(149, '2023-04-23 05:42', 2, 1),
	(616, '2023-08-30 11:25', 3, 2),
	(390, '2024-08-02 17:20', 3, 2),
	(43, '2024-06-10 03:17', 3, 1),
	(58, '2024-07-16 02:55', 4, 2),
	(472, '2024-04-07 23:39', 2, 2),
	(334, '2025-03-13 23:43', 3, 2),
	(385, '2024-05-31 15:40', 2, 2),
	(388, '2024-10-10 21:54', 3, 1),
	(162, '2024-04-04 16:46', 4, 1),
	(25, '2024-08-23 09:33', 3, 1),
	(475, '2025-01-04 08:35', 4, 2),
	(460, '2025-03-20 18:55', 5, 1),
	(611, '2023-05-15 01:17', 2, 2),
	(383, '2023-10-16 07:15', 5, 2),
	(594, '2023-10-03 00:54', 3, 1),
	(617, '2023-05-03 19:10', 4, 1),
	(596, '2024-06-16 09:50', 1, 2),
	(81, '2025-02-25 01:29', 1, 2),
	(276, '2023-02-26 10:36', 2, 1),
	(103, '2023-06-07 05:03', 1, 1),
	(322, '2024-06-18 18:45', 2, 2),
	(530, '2023-11-13 08:09', 2, 1),
	(651, '2025-03-29 00:45', 3, 1),
	(13, '2024-01-04 04:25', 4, 1),
	(460, '2024-05-05 21:33', 2, 1),
	(164, '2024-08-17 19:56', 4, 1),
	(375, '2023-06-29 00:04', 1, 1),
	(659, '2023-08-09 07:49', 4, 2),
	(63, '2024-09-18 07:31', 3, 1),
	(328, '2024-01-08 16:06', 2, 2),
	(138, '2023-08-13 00:48', 5, 1),
	(276, '2024-12-26 10:19', 5, 1),
	(590, '2024-02-13 01:45', 3, 1),
	(27, '2023-01-12 02:46', 5, 1),
	(497, '2023-02-27 05:48', 5, 2),
	(628, '2024-06-21 10:56', 4, 1),
	(609, '2023-12-02 08:08', 1, 1),
	(36, '2024-02-10 03:18', 2, 2),
	(273, '2023-11-13 18:43', 5, 2),
	(175, '2024-10-31 23:14', 5, 2),
	(132, '2023-02-25 13:28', 2, 2),
	(246, '2024-06-13 01:11', 4, 2),
	(32, '2023-02-13 19:15', 2, 2),
	(218, '2024-06-16 22:15', 3, 2),
	(468, '2024-04-06 00:34', 2, 1),
	(476, '2023-06-17 23:27', 1, 2),
	(287, '2024-12-16 17:03', 3, 2),
	(69, '2024-04-23 01:16', 1, 1),
	(422, '2025-03-20 12:52', 3, 2),
	(517, '2024-07-05 05:31', 4, 1),
	(592, '2024-03-11 16:00', 4, 2),
	(681, '2023-06-07 11:11', 4, 2),
	(186, '2023-02-17 07:52', 5, 1),
	(566, '2024-04-29 08:43', 4, 1),
	(158, '2025-01-24 03:37', 1, 2),
	(350, '2023-04-01 19:30', 1, 1),
	(414, '2024-04-07 15:04', 1, 1),
	(203, '2025-01-24 12:33', 2, 1),
	(458, '2024-05-22 17:20', 1, 2),
	(580, '2023-05-07 22:47', 3, 2),
	(450, '2024-06-21 10:44', 1, 1),
	(213, '2024-05-06 10:06', 5, 2),
	(320, '2024-09-01 09:22', 1, 1),
	(68, '2024-11-15 01:09', 5, 1),
	(370, '2023-04-02 14:18', 1, 2),
	(666, '2023-03-31 08:14', 1, 1),
	(263, '2024-03-31 17:44', 2, 1),
	(184, '2023-10-20 17:56', 3, 1),
	(58, '2024-05-22 11:29', 1, 2),
	(685, '2025-03-25 06:34', 4, 2),
	(531, '2025-04-18 16:42', 3, 1),
	(66, '2023-07-29 05:16', 5, 2),
	(204, '2023-08-28 23:10', 5, 1),
	(146, '2023-12-25 06:18', 2, 1),
	(492, '2024-05-01 16:15', 4, 2),
	(153, '2024-09-01 16:43', 1, 1),
	(266, '2024-07-16 21:10', 1, 2),
	(208, '2024-12-31 13:58', 3, 1),
	(41, '2025-01-03 21:35', 4, 1),
	(71, '2023-07-12 18:25', 1, 1),
	(217, '2024-06-08 11:06', 2, 2),
	(186, '2025-04-25 21:37', 4, 2),
	(192, '2024-02-10 00:05', 2, 1),
	(575, '2025-04-02 15:20', 2, 1),
	(220, '2023-08-10 02:46', 3, 2),
	(422, '2024-09-10 17:09', 4, 1),
	(423, '2024-06-22 18:39', 3, 1),
	(254, '2023-10-01 20:14', 5, 2),
	(482, '2023-04-28 02:19', 2, 1),
	(354, '2024-12-26 01:24', 2, 1),
	(328, '2025-03-08 08:39', 3, 1),
	(278, '2024-08-06 17:42', 4, 1),
	(496, '2023-06-29 19:27', 3, 2),
	(35, '2025-04-13 02:21', 1, 1),
	(305, '2023-11-11 11:45', 1, 1),
	(448, '2023-09-03 08:31', 1, 1),
	(118, '2024-09-19 09:54', 1, 2),
	(300, '2024-01-24 12:33', 2, 2),
	(54, '2023-11-26 19:14', 1, 1),
	(92, '2024-10-11 00:04', 2, 1),
	(214, '2024-03-25 05:45', 3, 1),
	(677, '2023-08-29 11:36', 3, 2),
	(270, '2024-04-02 18:35', 1, 2),
	(472, '2023-05-19 11:00', 4, 1),
	(670, '2024-06-20 04:51', 4, 2),
	(476, '2024-10-01 02:07', 4, 1),
	(99, '2023-06-19 21:25', 4, 1),
	(544, '2024-08-26 11:01', 5, 2),
	(232, '2023-10-10 01:25', 5, 1),
	(148, '2023-03-25 16:49', 3, 2),
	(81, '2023-04-18 20:26', 1, 1),
	(649, '2024-05-09 20:06', 3, 1),
	(338, '2023-04-02 07:50', 2, 2),
	(309, '2024-06-08 06:25', 1, 2),
	(241, '2024-07-07 10:11', 5, 2),
	(642, '2024-12-19 07:15', 5, 2),
	(372, '2024-08-03 01:28', 3, 1),
	(248, '2024-12-13 01:39', 3, 2),
	(137, '2024-12-21 17:57', 5, 1),
	(492, '2023-01-16 07:55', 2, 1),
	(45, '2023-08-27 05:51', 3, 2),
	(387, '2023-05-16 23:26', 2, 2),
	(26, '2024-04-28 07:02', 2, 2),
	(358, '2024-08-28 13:11', 1, 1),
	(111, '2023-03-07 07:27', 3, 2),
	(463, '2023-06-29 23:43', 3, 1),
	(36, '2024-12-16 18:20', 2, 2),
	(446, '2023-11-04 08:17', 2, 1),
	(665, '2023-07-22 22:57', 5, 2),
	(99, '2023-10-21 22:11', 1, 1),
	(65, '2023-11-20 09:23', 4, 1),
	(465, '2024-07-13 04:01', 2, 2),
	(601, '2025-03-08 20:17', 2, 1),
	(300, '2023-03-26 22:18', 1, 2),
	(653, '2023-01-05 17:51', 5, 1),
	(35, '2023-07-30 13:19', 3, 1),
	(414, '2023-08-15 12:23', 4, 1),
	(323, '2023-09-20 03:52', 4, 2),
	(471, '2023-10-04 05:50', 4, 2),
	(395, '2024-02-19 14:02', 2, 1),
	(151, '2024-10-21 18:52', 5, 2),
	(555, '2024-06-23 12:51', 2, 2),
	(551, '2023-10-11 06:09', 1, 2),
	(71, '2024-07-19 12:58', 5, 2),
	(18, '2024-08-15 10:50', 3, 1),
	(669, '2023-10-18 16:08', 3, 2),
	(471, '2023-05-18 18:30', 2, 1),
	(666, '2024-03-10 03:36', 3, 1),
	(5, '2023-01-24 06:49', 3, 2),
	(687, '2024-01-25 06:49', 2, 1),
	(129, '2024-07-10 23:05', 4, 1),
	(81, '2024-11-13 21:56', 4, 2),
	(419, '2024-06-03 18:26', 4, 1),
	(619, '2024-09-17 03:36', 1, 2),
	(533, '2023-02-19 02:51', 5, 1),
	(126, '2023-12-21 04:31', 2, 1),
	(360, '2023-04-24 14:39', 5, 2),
	(677, '2024-05-27 08:52', 5, 1),
	(435, '2023-03-06 01:23', 4, 2),
	(660, '2024-01-11 02:04', 2, 1),
	(174, '2024-09-11 05:09', 3, 1),
	(190, '2024-10-05 20:31', 2, 1),
	(577, '2023-02-23 04:58', 4, 2),
	(127, '2024-09-09 08:09', 2, 1),
	(480, '2024-10-19 09:45', 1, 1),
	(37, '2024-07-12 00:49', 4, 1),
	(241, '2024-12-10 14:45', 2, 1),
	(369, '2024-04-12 09:17', 1, 2),
	(252, '2023-03-06 09:08', 1, 1),
	(161, '2023-08-10 06:46', 2, 2),
	(562, '2024-07-25 21:59', 2, 1),
	(69, '2024-10-03 13:59', 1, 2),
	(432, '2024-06-12 17:47', 4, 1),
	(419, '2025-03-05 00:44', 3, 2),
	(147, '2024-04-15 07:00', 2, 1),
	(416, '2025-04-19 13:10', 3, 2),
	(441, '2023-01-10 14:09', 4, 1),
	(53, '2023-03-09 16:03', 4, 2),
	(379, '2024-06-18 11:35', 5, 1),
	(97, '2023-10-10 05:32', 5, 1),
	(561, '2023-02-26 16:35', 2, 2),
	(402, '2025-03-15 12:43', 1, 1),
	(316, '2023-12-31 09:00', 5, 2),
	(265, '2023-08-18 14:56', 2, 2),
	(123, '2025-03-06 20:55', 2, 1),
	(510, '2023-11-27 18:44', 1, 1),
	(337, '2023-11-06 06:48', 1, 2),
	(173, '2024-01-07 13:35', 1, 2),
	(366, '2023-02-16 05:35', 5, 1),
	(675, '2023-06-19 14:56', 3, 1),
	(100, '2023-04-27 14:05', 3, 2),
	(162, '2024-05-23 21:47', 3, 1),
	(624, '2023-02-15 04:34', 4, 2),
	(322, '2024-12-07 21:03', 4, 1),
	(611, '2024-11-24 03:23', 2, 1),
	(631, '2025-01-12 06:55', 1, 1),
	(350, '2023-07-27 02:00', 1, 1),
	(601, '2023-01-16 17:34', 4, 2),
	(411, '2024-11-16 23:31', 1, 1),
	(546, '2025-01-23 11:59', 5, 1),
	(176, '2024-03-23 01:06', 3, 2),
	(487, '2024-03-28 21:33', 2, 2),
	(287, '2024-11-30 13:17', 5, 2),
	(556, '2023-04-03 02:09', 2, 1),
	(117, '2025-01-05 04:05', 4, 1),
	(423, '2023-04-09 19:40', 1, 2),
	(615, '2024-03-06 03:05', 4, 1),
	(617, '2025-02-15 09:56', 1, 1),
	(36, '2025-04-09 02:21', 4, 1),
	(588, '2024-03-04 07:02', 5, 2),
	(562, '2024-07-22 12:55', 4, 1),
	(43, '2023-07-05 20:02', 5, 2),
	(280, '2024-06-22 15:33', 5, 2),
	(327, '2024-04-23 22:03', 5, 2),
	(311, '2023-05-22 07:19', 1, 2),
	(13, '2023-05-20 08:17', 5, 1),
	(228, '2023-02-20 20:02', 1, 2),
	(510, '2023-06-06 19:29', 5, 1),
	(515, '2024-11-01 18:36', 5, 1),
	(37, '2023-10-06 12:25', 4, 1),
	(682, '2024-12-12 16:16', 1, 1),
	(530, '2024-05-03 21:03', 1, 2),
	(301, '2025-04-27 12:50', 3, 1),
	(514, '2024-09-30 06:36', 2, 1),
	(406, '2023-10-27 23:42', 5, 1),
	(385, '2023-01-02 10:07', 1, 1),
	(291, '2024-03-01 08:47', 4, 1),
	(442, '2023-02-13 06:40', 4, 1),
	(402, '2023-04-16 10:18', 5, 1),
	(498, '2024-10-16 09:02', 2, 2),
	(621, '2023-08-02 01:25', 5, 1),
	(26, '2023-06-16 14:54', 4, 1),
	(410, '2024-04-09 02:45', 1, 1),
	(323, '2024-06-15 09:42', 2, 1),
	(541, '2024-10-25 23:08', 3, 1),
	(664, '2023-09-03 02:38', 3, 1),
	(526, '2025-03-11 06:53', 5, 2),
	(419, '2023-11-23 07:21', 5, 2),
	(507, '2025-01-29 19:50', 4, 2),
	(510, '2025-01-24 16:36', 3, 1),
	(269, '2023-09-16 02:27', 1, 1),
	(209, '2023-03-17 18:02', 2, 2),
	(22, '2023-10-18 01:46', 2, 1),
	(237, '2023-07-23 18:40', 2, 2),
	(573, '2024-05-23 01:02', 3, 1),
	(480, '2024-07-16 05:22', 5, 2),
	(126, '2025-01-26 10:14', 3, 1),
	(472, '2024-07-22 21:29', 1, 1),
	(36, '2023-07-18 15:43', 3, 1),
	(462, '2023-10-18 00:51', 1, 1),
	(321, '2023-09-26 13:48', 5, 2),
	(70, '2024-03-05 02:07', 4, 1),
	(623, '2024-06-17 01:34', 4, 1),
	(141, '2023-08-11 23:53', 3, 2),
	(261, '2025-04-07 04:45', 5, 2),
	(441, '2023-11-14 21:16', 3, 2),
	(295, '2023-09-24 09:53', 3, 2),
	(656, '2023-11-06 13:45', 5, 2),
	(206, '2023-11-22 04:46', 5, 2),
	(455, '2023-11-15 05:10', 4, 2),
	(491, '2023-07-21 07:42', 3, 2),
	(493, '2024-09-29 08:24', 2, 1),
	(210, '2024-09-01 09:31', 3, 1),
	(127, '2023-05-19 04:30', 3, 1),
	(219, '2023-10-01 17:32', 4, 1),
	(262, '2023-04-02 00:40', 2, 2),
	(561, '2024-07-07 10:20', 3, 1),
	(456, '2023-09-20 03:41', 3, 1),
	(551, '2023-09-25 20:03', 1, 2),
	(375, '2023-10-26 06:57', 4, 2),
	(456, '2023-10-07 14:14', 1, 2),
	(676, '2023-02-13 02:00', 2, 2),
	(169, '2025-02-27 05:20', 3, 2),
	(662, '2023-04-12 22:46', 4, 2),
	(163, '2023-08-01 09:12', 5, 2),
	(205, '2023-07-29 07:06', 4, 1),
	(467, '2024-05-21 03:58', 2, 2),
	(252, '2023-12-12 10:44', 5, 1),
	(652, '2024-03-21 21:47', 3, 1),
	(601, '2024-05-27 03:06', 1, 2),
	(360, '2023-07-19 21:14', 2, 1),
	(392, '2024-02-01 09:38', 3, 1),
	(441, '2024-04-06 13:51', 4, 1),
	(94, '2023-04-23 22:27', 3, 2),
	(382, '2023-06-08 11:59', 1, 1),
	(328, '2024-05-21 07:35', 4, 2),
	(84, '2023-08-21 13:52', 4, 1),
	(359, '2023-03-13 09:24', 2, 2),
	(131, '2023-06-25 10:36', 2, 1),
	(184, '2024-02-15 03:37', 4, 1),
	(659, '2024-01-07 05:27', 4, 2),
	(611, '2023-03-08 17:42', 5, 2),
	(455, '2024-04-17 21:54', 5, 1),
	(148, '2024-09-19 01:25', 1, 1),
	(355, '2025-02-04 04:55', 1, 2),
	(241, '2023-01-17 22:03', 4, 2),
	(8, '2024-11-30 15:41', 4, 2),
	(495, '2023-12-06 06:56', 3, 1),
	(638, '2024-01-10 10:31', 2, 1),
	(451, '2025-04-11 08:37', 3, 1),
	(296, '2024-12-17 05:35', 1, 1),
	(600, '2025-03-22 01:38', 4, 1),
	(566, '2025-02-02 17:38', 2, 1),
	(508, '2024-01-05 20:06', 1, 2),
	(487, '2024-02-19 22:24', 5, 2),
	(266, '2023-04-25 23:34', 4, 1),
	(525, '2024-02-17 20:35', 1, 1),
	(215, '2023-03-13 05:06', 4, 1),
	(172, '2023-05-25 22:28', 2, 2),
	(254, '2023-08-01 08:18', 5, 2),
	(372, '2024-10-05 19:39', 3, 1),
	(26, '2024-08-04 12:52', 1, 2),
	(39, '2024-07-05 02:09', 3, 1),
	(64, '2024-01-02 12:41', 4, 2),
	(258, '2025-04-23 08:07', 4, 2),
	(267, '2023-12-10 02:24', 5, 1),
	(98, '2025-01-22 16:04', 1, 1),
	(120, '2024-10-31 02:20', 3, 1),
	(279, '2023-10-08 21:30', 2, 1),
	(45, '2023-09-15 04:23', 5, 2),
	(54, '2024-09-16 17:23', 1, 1),
	(680, '2023-06-14 22:39', 1, 1),
	(666, '2024-03-04 22:54', 2, 1),
	(410, '2023-11-23 11:02', 5, 2),
	(188, '2023-01-21 12:13', 3, 2),
	(468, '2023-05-06 20:59', 3, 2),
	(546, '2024-01-12 11:58', 1, 2),
	(367, '2023-01-04 14:34', 5, 1),
	(523, '2024-09-10 17:20', 4, 1),
	(10, '2024-12-03 00:50', 3, 1),
	(12, '2025-02-07 08:27', 4, 1),
	(293, '2023-04-20 23:59', 1, 2),
	(371, '2024-03-14 15:05', 2, 2),
	(533, '2023-08-20 01:31', 1, 2),
	(698, '2023-01-01 07:00', 2, 1),
	(603, '2025-02-10 19:14', 1, 2),
	(417, '2025-03-23 09:01', 5, 1),
	(361, '2025-04-19 11:44', 5, 2),
	(588, '2024-12-08 19:13', 5, 1),
	(330, '2024-01-16 04:54', 4, 2),
	(185, '2023-11-11 09:11', 2, 1),
	(597, '2024-04-03 20:51', 1, 1),
	(326, '2023-09-20 14:28', 2, 1),
	(6, '2023-11-23 22:43', 5, 2),
	(46, '2025-03-28 21:37', 1, 2),
	(507, '2025-03-18 04:09', 5, 1),
	(113, '2024-12-20 01:21', 3, 1),
	(638, '2024-03-26 01:33', 1, 2),
	(107, '2023-07-05 08:08', 5, 2),
	(54, '2023-03-14 02:24', 4, 2),
	(20, '2023-04-13 19:30', 2, 1),
	(337, '2024-01-18 17:56', 1, 2),
	(353, '2024-12-26 21:22', 3, 2),
	(86, '2024-03-03 07:02', 5, 2),
	(491, '2023-06-01 23:20', 5, 2),
	(560, '2023-03-05 17:58', 2, 1),
	(69, '2023-01-21 23:59', 1, 2),
	(518, '2023-11-10 03:57', 2, 2),
	(334, '2024-05-06 09:46', 4, 2),
	(526, '2023-08-03 04:58', 1, 1),
	(308, '2024-07-28 03:24', 3, 1),
	(74, '2024-12-18 09:49', 4, 1),
	(403, '2023-12-19 01:06', 3, 2),
	(129, '2024-02-29 05:29', 5, 2),
	(121, '2024-07-26 05:25', 5, 2),
	(571, '2023-05-03 18:48', 4, 2),
	(499, '2023-05-18 08:46', 5, 1),
	(510, '2024-07-22 02:46', 3, 2),
	(655, '2025-04-19 19:14', 3, 2),
	(497, '2023-04-13 16:31', 5, 1),
	(190, '2025-02-24 06:36', 2, 2),
	(401, '2024-11-05 08:08', 3, 2),
	(542, '2025-03-05 17:49', 4, 1),
	(700, '2024-01-25 04:38', 5, 1),
	(680, '2024-01-08 21:42', 2, 1),
	(518, '2024-07-16 21:31', 4, 2),
	(694, '2023-06-13 16:23', 4, 2),
	(455, '2023-02-05 13:47', 3, 1),
	(72, '2023-03-16 16:12', 1, 2),
	(625, '2024-06-20 11:01', 4, 2),
	(570, '2023-09-02 03:44', 4, 2),
	(534, '2023-06-11 15:33', 2, 2),
	(161, '2024-02-25 08:35', 2, 2),
	(569, '2025-01-26 06:54', 2, 1),
	(517, '2024-07-17 23:11', 1, 1),
	(511, '2023-11-01 04:41', 4, 2),
	(614, '2024-09-26 14:47', 1, 1),
	(603, '2023-05-01 22:05', 4, 1),
	(432, '2024-03-20 14:22', 1, 1),
	(80, '2023-06-07 17:38', 4, 1),
	(488, '2024-07-14 18:48', 1, 2),
	(546, '2023-01-14 00:14', 1, 1),
	(441, '2023-03-19 21:38', 3, 1),
	(418, '2025-02-15 10:23', 2, 2),
	(27, '2024-04-06 10:09', 2, 1),
	(666, '2025-01-25 08:37', 5, 1),
	(255, '2024-07-08 22:37', 5, 2),
	(68, '2024-01-18 08:08', 2, 1),
	(236, '2023-06-14 03:21', 1, 1),
	(685, '2024-06-15 20:37', 5, 2),
	(556, '2023-12-17 16:18', 3, 1),
	(528, '2024-03-12 08:47', 5, 2),
	(522, '2023-07-10 11:20', 5, 1),
	(513, '2024-10-28 18:30', 4, 1),
	(391, '2023-07-05 11:18', 3, 2),
	(594, '2024-01-02 22:13', 1, 1),
	(123, '2023-05-13 02:08', 5, 2),
	(557, '2024-04-25 05:16', 2, 1),
	(491, '2024-03-14 02:32', 4, 2),
	(534, '2023-10-02 23:42', 4, 1),
	(312, '2023-03-01 20:44', 1, 1),
	(671, '2024-04-18 21:36', 1, 1),
	(392, '2023-02-25 04:10', 1, 2),
	(136, '2023-04-05 12:33', 1, 1),
	(265, '2024-01-28 20:06', 4, 2),
	(24, '2024-11-05 05:51', 5, 2),
	(289, '2024-12-31 06:43', 4, 2),
	(92, '2024-02-12 22:18', 3, 1),
	(11, '2025-01-08 16:25', 2, 2),
	(569, '2024-01-20 17:11', 4, 1),
	(317, '2023-12-17 14:06', 1, 2),
	(623, '2025-01-01 02:14', 5, 1),
	(409, '2023-12-29 13:28', 1, 2),
	(585, '2024-03-22 09:23', 3, 2),
	(153, '2025-02-14 22:08', 4, 1),
	(678, '2025-03-20 10:24', 2, 2),
	(12, '2023-03-25 17:29', 3, 2),
	(376, '2023-01-03 22:35', 2, 2),
	(675, '2024-03-29 08:11', 4, 1),
	(596, '2024-09-14 09:39', 2, 1),
	(655, '2023-05-03 04:50', 5, 1),
	(273, '2024-11-15 13:08', 1, 1),
	(552, '2024-05-01 10:20', 4, 1),
	(164, '2023-09-15 10:51', 4, 2),
	(601, '2023-05-28 15:49', 1, 1),
	(487, '2024-09-08 22:12', 4, 2),
	(302, '2023-05-06 09:55', 3, 2),
	(62, '2023-08-30 09:24', 4, 2),
	(457, '2023-11-23 15:41', 1, 2),
	(616, '2024-06-03 22:50', 4, 2),
	(441, '2024-10-09 01:50', 3, 1),
	(280, '2024-12-02 19:42', 5, 1),
	(518, '2023-06-27 08:20', 2, 2),
	(678, '2024-09-06 10:40', 1, 2),
	(228, '2025-04-08 08:44', 5, 2),
	(305, '2024-12-15 20:32', 3, 1),
	(559, '2024-07-26 18:18', 2, 2),
	(145, '2023-03-11 10:50', 5, 1),
	(461, '2024-12-02 17:24', 5, 1),
	(554, '2023-11-21 12:53', 5, 1),
	(700, '2023-03-21 19:38', 1, 1),
	(244, '2024-10-01 07:45', 5, 2),
	(38, '2024-01-31 08:54', 4, 1),
	(43, '2023-12-19 00:16', 1, 2),
	(682, '2025-02-12 10:33', 3, 2),
	(124, '2023-04-07 11:20', 5, 1),
	(540, '2023-12-29 13:06', 1, 1),
	(589, '2023-08-02 02:44', 3, 1),
	(78, '2025-04-26 06:04', 2, 1),
	(347, '2024-11-20 13:19', 1, 2),
	(324, '2025-02-27 02:26', 1, 1),
	(367, '2023-02-20 02:21', 1, 1),
	(296, '2023-10-01 03:36', 4, 1),
	(270, '2023-01-22 03:51', 1, 2),
	(479, '2025-02-11 22:23', 2, 2),
	(189, '2024-09-10 18:15', 4, 2),
	(43, '2023-02-01 04:28', 4, 2),
	(347, '2024-10-25 05:08', 3, 2),
	(692, '2023-02-07 13:54', 3, 2),
	(632, '2023-07-03 15:14', 2, 2),
	(172, '2023-01-18 08:26', 4, 2),
	(644, '2023-01-21 01:14', 4, 2),
	(27, '2023-06-10 18:00', 4, 1),
	(17, '2023-01-07 15:26', 1, 2),
	(669, '2024-11-23 08:04', 3, 1),
	(363, '2025-04-03 07:24', 5, 1),
	(180, '2023-02-06 22:17', 2, 2),
	(401, '2023-08-26 21:28', 5, 1),
	(612, '2024-04-13 12:01', 3, 2),
	(31, '2023-04-18 01:19', 4, 2),
	(692, '2023-12-31 01:52', 5, 1),
	(194, '2024-01-22 03:41', 5, 2),
	(398, '2024-08-25 07:47', 1, 1),
	(105, '2023-11-28 18:18', 1, 1),
	(7, '2023-08-16 17:47', 4, 1),
	(130, '2024-09-30 07:38', 1, 2),
	(594, '2024-08-25 12:58', 2, 2),
	(681, '2024-09-15 12:35', 5, 2),
	(150, '2024-06-11 03:29', 4, 2),
	(550, '2023-08-12 03:56', 5, 1),
	(48, '2024-11-22 05:24', 1, 1),
	(459, '2024-05-06 04:02', 5, 1),
	(200, '2024-06-28 11:16', 3, 2),
	(323, '2024-06-23 08:40', 1, 1),
	(637, '2023-10-12 15:57', 5, 1),
	(201, '2025-01-09 18:55', 4, 1),
	(515, '2024-03-30 00:38', 3, 2),
	(547, '2024-11-19 04:34', 2, 2),
	(189, '2025-01-28 12:59', 5, 2),
	(273, '2023-04-28 20:22', 4, 2),
	(33, '2023-10-14 00:41', 3, 2),
	(329, '2023-02-11 05:30', 2, 2),
	(532, '2024-11-18 19:59', 1, 2),
	(316, '2023-07-09 09:42', 5, 2),
	(20, '2023-04-28 01:44', 1, 1),
	(579, '2025-04-15 02:30', 5, 1),
	(426, '2024-01-07 21:34', 5, 2),
	(506, '2024-08-11 17:46', 3, 2),
	(466, '2024-09-18 02:04', 2, 1),
	(628, '2024-09-29 13:42', 2, 2),
	(11, '2023-02-16 15:03', 2, 1),
	(294, '2024-08-29 08:18', 4, 1),
	(661, '2023-02-22 20:02', 3, 2),
	(461, '2024-06-08 08:33', 4, 1),
	(503, '2023-04-29 00:12', 3, 1),
	(302, '2025-02-01 04:51', 1, 2),
	(183, '2025-02-24 04:42', 5, 1),
	(505, '2023-02-24 09:04', 3, 1),
	(97, '2023-11-04 20:33', 1, 1),
	(287, '2025-04-05 11:54', 5, 2)
;

-- los valores de ORDER_DETAILS fueron insertados con ayuda de DeepSeek para poder mantener
-- la integridad de los datos entre las tablas PRODUCTS, ORDERS y ORDER_DETAILS
INSERT INTO ORDER_DETAILS (id_order, id_product, quantity, id_custom)
VALUES
	(3, 44, 3, 4),
	(3, 34, 2, 3),
	(5, 39, 1, 3),
	(5, 27, 2, 3),
	(5, 32, 2, 3),
	(6, 5, 1, 4),
	(6, 55, 3, 2),
	(6, 2, 1, 1),
	(12, 33, 2, 2),
	(12, 54, 1, 2),
	(12, 24, 3, 2),
	(20, 48, 3, 1),
	(28, 48, 3, 3),
	(47, 59, 3, 2),
	(50, 13, 3, 1),
	(52, 49, 1, 1),
	(58, 49, 3, 2),
	(58, 38, 3, 4),
	(58, 35, 1, 2),
	(65, 22, 3, 2),
	(71, 34, 2, 2),
	(76, 11, 2, 2),
	(76, 44, 3, 3),
	(81, 16, 3, 2),
	(81, 11, 3, 4),
	(81, 32, 1, 1),
	(89, 6, 1, 4),
	(93, 57, 3, 2),
	(93, 11, 3, 4),
	(93, 19, 1, 1),
	(95, 3, 1, 4),
	(100, 22, 3, 3),
	(110, 15, 2, 3),
	(110, 22, 1, 4),
	(120, 36, 3, 1),
	(120, 39, 2, 4),
	(123, 2, 1, 4),
	(123, 22, 3, 4),
	(123, 47, 2, 3),
	(124, 59, 2, 4),
	(124, 25, 2, 4),
	(132, 39, 2, 2),
	(132, 25, 3, 3),
	(132, 6, 3, 1),
	(135, 58, 3, 4),
	(135, 12, 1, 4),
	(135, 4, 3, 4),
	(136, 21, 3, 2),
	(136, 44, 1, 3),
	(136, 38, 1, 2),
	(148, 22, 2, 3),
	(151, 45, 2, 2),
	(154, 17, 3, 4),
	(154, 6, 2, 1),
	(154, 60, 3, 2),
	(156, 56, 3, 2),
	(158, 42, 3, 3),
	(158, 21, 2, 3),
	(158, 53, 1, 3),
	(171, 45, 3, 2),
	(175, 39, 2, 4),
	(177, 43, 3, 2),
	(178, 7, 2, 3),
	(178, 52, 2, 3),
	(178, 9, 2, 3),
	(180, 50, 2, 3),
	(180, 28, 3, 1),
	(185, 56, 3, 3),
	(185, 19, 3, 4),
	(185, 36, 3, 1),
	(198, 20, 2, 4),
	(198, 60, 2, 4),
	(198, 16, 3, 1),
	(199, 42, 1, 1),
	(202, 35, 3, 1),
	(202, 57, 2, 1),
	(211, 41, 2, 1),
	(211, 54, 1, 2),
	(221, 4, 3, 4),
	(221, 36, 2, 1),
	(221, 58, 2, 4),
	(225, 1, 2, 3),
	(225, 28, 1, 4),
	(230, 22, 2, 4),
	(231, 6, 1, 1),
	(238, 45, 2, 3),
	(238, 23, 3, 3),
	(244, 54, 1, 3),
	(244, 57, 1, 3),
	(244, 2, 1, 3),
	(250, 23, 2, 1),
	(250, 41, 3, 4),
	(260, 33, 2, 2),
	(260, 58, 2, 2),
	(261, 34, 1, 2),
	(261, 47, 1, 4),
	(264, 12, 3, 3),
	(264, 43, 2, 3),
	(269, 7, 1, 4),
	(269, 57, 1, 3),
	(269, 12, 1, 1),
	(278, 5, 1, 3),
	(286, 6, 3, 3),
	(286, 44, 1, 2),
	(286, 12, 1, 4),
	(299, 33, 1, 2),
	(299, 21, 1, 2),
	(301, 52, 1, 4),
	(301, 57, 3, 1),
	(301, 14, 3, 1),
	(316, 38, 1, 3),
	(316, 34, 3, 4),
	(316, 14, 2, 4),
	(326, 28, 1, 4),
	(326, 53, 2, 1),
	(338, 4, 1, 2),
	(338, 26, 2, 3),
	(339, 27, 3, 2),
	(340, 7, 1, 4),
	(340, 9, 1, 2),
	(346, 52, 2, 2),
	(346, 34, 3, 1),
	(350, 51, 1, 1),
	(350, 48, 3, 1),
	(350, 4, 3, 4),
	(359, 19, 1, 2),
	(359, 33, 1, 4),
	(359, 7, 1, 3),
	(364, 27, 3, 4),
	(364, 14, 1, 2),
	(381, 28, 2, 3),
	(381, 22, 3, 2),
	(389, 37, 1, 2),
	(389, 51, 1, 4),
	(403, 59, 2, 2),
	(403, 42, 2, 2),
	(403, 19, 2, 2),
	(410, 11, 1, 1),
	(410, 33, 1, 4),
	(410, 48, 2, 2),
	(413, 47, 3, 1),
	(413, 9, 2, 4),
	(417, 5, 3, 3),
	(417, 31, 3, 4),
	(417, 23, 2, 2),
	(418, 29, 2, 3),
	(426, 14, 3, 2),
	(438, 8, 3, 3),
	(438, 14, 2, 2),
	(440, 25, 2, 4),
	(440, 49, 2, 3),
	(440, 50, 2, 2),
	(442, 34, 1, 3),
	(442, 26, 3, 3),
	(442, 41, 3, 1),
	(447, 7, 3, 4),
	(447, 24, 3, 3),
	(448, 52, 1, 3),
	(448, 3, 2, 4),
	(452, 22, 1, 4),
	(452, 55, 2, 1),
	(454, 9, 3, 1),
	(454, 18, 1, 1),
	(454, 14, 2, 2),
	(456, 44, 3, 3),
	(456, 23, 2, 3),
	(456, 59, 3, 3),
	(458, 11, 2, 2),
	(458, 38, 2, 4),
	(458, 43, 3, 1),
	(459, 52, 3, 2),
	(465, 23, 1, 3),
	(465, 49, 1, 4),
	(465, 16, 2, 1),
	(467, 57, 3, 4),
	(470, 21, 3, 1),
	(470, 52, 1, 4),
	(470, 7, 3, 2),
	(471, 55, 3, 4),
	(471, 18, 1, 2),
	(473, 7, 1, 2),
	(473, 31, 3, 4),
	(476, 3, 1, 4),
	(476, 8, 3, 2),
	(479, 10, 2, 2),
	(497, 12, 2, 3),
	(498, 5, 1, 4),
	(498, 11, 2, 3),
	(498, 1, 2, 3),
	(500, 57, 2, 3),
	(500, 40, 2, 1),
	(507, 34, 1, 2),
	(507, 11, 3, 3),
	(507, 26, 2, 4),
	(517, 24, 2, 3),
	(517, 51, 2, 4),
	(526, 27, 2, 2),
	(526, 15, 1, 3),
	(528, 1, 1, 2),
	(528, 33, 2, 3),
	(528, 57, 3, 1),
	(535, 54, 1, 2),
	(535, 57, 3, 1),
	(536, 29, 2, 3),
	(536, 59, 1, 1),
	(536, 38, 1, 2),
	(537, 26, 2, 3),
	(539, 17, 1, 3),
	(541, 4, 1, 3),
	(541, 25, 1, 2),
	(541, 43, 2, 3),
	(543, 9, 3, 4),
	(543, 52, 2, 2),
	(545, 47, 2, 3),
	(545, 28, 1, 1),
	(546, 23, 1, 1),
	(549, 2, 2, 2),
	(549, 6, 2, 2),
	(549, 33, 2, 2),
	(556, 35, 3, 4),
	(556, 28, 3, 3),
	(556, 54, 2, 3),
	(557, 30, 3, 2),
	(557, 36, 3, 1),
	(557, 42, 3, 4),
	(560, 35, 3, 1),
	(574, 56, 1, 2),
	(574, 35, 2, 3),
	(574, 45, 3, 4),
	(575, 4, 1, 3),
	(575, 19, 3, 3),
	(575, 24, 1, 2),
	(576, 53, 2, 4),
	(576, 19, 2, 1),
	(577, 2, 1, 3),
	(577, 30, 3, 1),
	(579, 11, 1, 4),
	(579, 54, 2, 2),
	(583, 39, 3, 4),
	(583, 42, 3, 2),
	(591, 18, 3, 4),
	(591, 21, 3, 4),
	(591, 5, 3, 3),
	(594, 9, 1, 4),
	(604, 41, 1, 4),
	(604, 32, 1, 2),
	(604, 27, 3, 3),
	(610, 22, 1, 4),
	(614, 34, 3, 2),
	(614, 4, 2, 1),
	(614, 1, 3, 1),
	(623, 28, 3, 2),
	(634, 39, 3, 2),
	(634, 32, 2, 1),
	(634, 58, 1, 4),
	(645, 34, 2, 3),
	(648, 53, 2, 2),
	(648, 31, 1, 1),
	(648, 15, 3, 3),
	(649, 49, 3, 3),
	(652, 17, 1, 1),
	(652, 34, 1, 3),
	(662, 56, 2, 2),
	(662, 1, 2, 1),
	(662, 14, 1, 4),
	(666, 53, 3, 1),
	(666, 55, 3, 1),
	(666, 30, 3, 2),
	(667, 58, 1, 3),
	(667, 11, 3, 2),
	(668, 40, 2, 4),
	(668, 7, 2, 3),
	(676, 31, 2, 2),
	(676, 49, 3, 4),
	(676, 14, 1, 2),
	(677, 1, 1, 2),
	(677, 20, 3, 3),
	(677, 22, 2, 1),
	(679, 5, 3, 2),
	(686, 17, 1, 4),
	(688, 41, 1, 4),
	(695, 58, 2, 1),
	(695, 23, 2, 3),
	(697, 31, 2, 2),
	(697, 3, 3, 1),
	(697, 37, 1, 3),
	(701, 24, 1, 4),
	(702, 29, 1, 3),
	(706, 22, 2, 1),
	(706, 34, 1, 3),
	(713, 11, 1, 4),
	(721, 1, 2, 2),
	(721, 43, 1, 4),
	(728, 40, 3, 4),
	(730, 29, 2, 4),
	(730, 15, 2, 1),
	(749, 7, 3, 1),
	(749, 18, 1, 2),
	(749, 46, 3, 1),
	(751, 32, 1, 4),
	(751, 12, 2, 1),
	(760, 40, 2, 1),
	(765, 59, 2, 1),
	(765, 21, 3, 4),
	(774, 28, 3, 4),
	(774, 19, 2, 1),
	(775, 21, 3, 3),
	(781, 27, 1, 3),
	(784, 47, 3, 1),
	(787, 26, 3, 2),
	(787, 27, 1, 4),
	(787, 42, 3, 4),
	(792, 3, 2, 4),
	(792, 39, 1, 3),
	(792, 51, 2, 2),
	(797, 29, 2, 3),
	(797, 36, 1, 4),
	(801, 28, 3, 2),
	(802, 49, 3, 2),
	(802, 2, 1, 4),
	(807, 42, 2, 1),
	(807, 11, 3, 4),
	(807, 10, 3, 4),
	(812, 14, 3, 2),
	(812, 44, 1, 2),
	(812, 50, 2, 4),
	(814, 12, 3, 1),
	(814, 32, 1, 1),
	(814, 37, 2, 1),
	(816, 7, 1, 4),
	(816, 12, 2, 1),
	(822, 40, 3, 4),
	(822, 3, 2, 4),
	(822, 53, 2, 1),
	(825, 11, 2, 4),
	(828, 46, 3, 4),
	(828, 42, 3, 3),
	(832, 24, 3, 2),
	(837, 30, 2, 2),
	(837, 53, 1, 2),
	(840, 14, 3, 4),
	(840, 44, 2, 3),
	(840, 16, 1, 3),
	(859, 44, 2, 1),
	(865, 54, 3, 4),
	(867, 25, 1, 1),
	(867, 37, 3, 1),
	(869, 23, 1, 3),
	(869, 50, 1, 2),
	(869, 41, 1, 1),
	(871, 38, 1, 2),
	(871, 40, 3, 1),
	(872, 16, 3, 3),
	(879, 45, 3, 2),
	(879, 48, 3, 3),
	(879, 23, 1, 1),
	(886, 53, 3, 2),
	(886, 47, 2, 2),
	(886, 16, 1, 1),
	(891, 42, 1, 1),
	(891, 58, 1, 4),
	(892, 10, 1, 4),
	(892, 56, 3, 1),
	(893, 20, 2, 4),
	(893, 50, 2, 2),
	(894, 54, 1, 2),
	(894, 51, 1, 1),
	(894, 56, 2, 3),
	(901, 39, 1, 3),
	(901, 37, 1, 3),
	(901, 16, 2, 2),
	(903, 53, 2, 1),
	(903, 32, 3, 3),
	(912, 8, 1, 2),
	(912, 27, 1, 1),
	(912, 30, 1, 3),
	(915, 55, 2, 2),
	(915, 42, 1, 2),
	(915, 35, 1, 2),
	(919, 14, 1, 3),
	(919, 28, 1, 4),
	(924, 33, 1, 4),
	(924, 42, 3, 2),
	(931, 58, 1, 2),
	(931, 45, 2, 2),
	(934, 28, 3, 2),
	(934, 60, 3, 2),
	(934, 52, 2, 3),
	(937, 30, 3, 2),
	(937, 51, 3, 4),
	(937, 54, 3, 1),
	(940, 3, 2, 3),
	(941, 35, 3, 3),
	(942, 1, 3, 2),
	(944, 37, 2, 2),
	(954, 13, 1, 4),
	(963, 57, 1, 2),
	(963, 10, 2, 2),
	(963, 5, 1, 4),
	(964, 44, 2, 1),
	(964, 50, 1, 3),
	(964, 23, 3, 4),
	(966, 30, 2, 1),
	(971, 59, 2, 3),
	(974, 5, 1, 1),
	(974, 59, 2, 4),
	(983, 9, 3, 1),
	(983, 10, 1, 4),
	(985, 50, 2, 4),
	(985, 9, 1, 4),
	(996, 33, 2, 4),
	(996, 57, 1, 2),
	(999, 44, 2, 4),
	(1, 35, 3, 3),
	(1, 58, 2, 1),
	(7, 9, 1, 4),
	(9, 26, 3, 1),
	(21, 45, 2, 2),
	(21, 6, 2, 1),
	(24, 34, 1, 3),
	(25, 46, 3, 4),
	(33, 36, 1, 1),
	(33, 44, 2, 2),
	(34, 36, 3, 4),
	(34, 47, 1, 2),
	(35, 31, 2, 3),
	(42, 27, 3, 3),
	(42, 56, 2, 2),
	(42, 9, 2, 4),
	(43, 47, 1, 1),
	(43, 43, 1, 4),
	(43, 17, 2, 2),
	(45, 26, 1, 2),
	(60, 31, 2, 3),
	(60, 34, 1, 4),
	(60, 33, 3, 4),
	(61, 13, 1, 3),
	(61, 1, 2, 4),
	(67, 42, 3, 2),
	(72, 36, 2, 2),
	(72, 8, 1, 1),
	(73, 16, 1, 3),
	(84, 18, 2, 4),
	(84, 50, 1, 2),
	(84, 60, 1, 2),
	(85, 1, 2, 2),
	(85, 19, 2, 3),
	(85, 42, 2, 2),
	(90, 44, 1, 2),
	(90, 53, 1, 3),
	(90, 52, 2, 4),
	(92, 29, 3, 2),
	(92, 22, 2, 1),
	(92, 59, 3, 4),
	(99, 43, 3, 3),
	(99, 26, 2, 2),
	(112, 44, 3, 4),
	(112, 42, 3, 4),
	(117, 5, 2, 1),
	(117, 28, 1, 4),
	(127, 38, 1, 2),
	(129, 29, 3, 2),
	(129, 37, 1, 4),
	(131, 1, 2, 4),
	(138, 4, 2, 1),
	(145, 52, 1, 3),
	(162, 35, 1, 3),
	(165, 49, 2, 1),
	(166, 11, 1, 1),
	(166, 22, 2, 3),
	(167, 28, 3, 2),
	(167, 29, 2, 2),
	(179, 29, 3, 2),
	(179, 10, 2, 2),
	(183, 29, 1, 3),
	(193, 40, 1, 2),
	(193, 37, 1, 2),
	(194, 13, 2, 4),
	(194, 3, 2, 1),
	(195, 12, 3, 4),
	(201, 30, 2, 3),
	(201, 52, 2, 3),
	(201, 42, 2, 1),
	(204, 23, 2, 4),
	(204, 11, 2, 1),
	(204, 14, 2, 3),
	(219, 38, 2, 4),
	(219, 34, 3, 4),
	(219, 52, 2, 1),
	(246, 38, 1, 4),
	(255, 26, 2, 4),
	(255, 58, 1, 3),
	(268, 28, 3, 4),
	(268, 45, 1, 3),
	(268, 12, 2, 2),
	(270, 2, 3, 3),
	(270, 35, 3, 2),
	(273, 58, 3, 2),
	(273, 53, 2, 1),
	(274, 41, 1, 3),
	(275, 32, 2, 2),
	(289, 34, 3, 3),
	(289, 1, 3, 1),
	(289, 60, 3, 2),
	(292, 1, 1, 4),
	(307, 39, 1, 2),
	(313, 1, 2, 4),
	(313, 8, 2, 4),
	(314, 22, 3, 2),
	(314, 31, 1, 3),
	(315, 39, 2, 4),
	(318, 25, 1, 1),
	(318, 10, 2, 3),
	(325, 22, 2, 1),
	(325, 2, 3, 4),
	(325, 54, 1, 1),
	(329, 41, 2, 4),
	(329, 29, 2, 2),
	(329, 23, 2, 4),
	(335, 4, 3, 4),
	(335, 9, 1, 3),
	(335, 30, 2, 3),
	(344, 15, 3, 4),
	(344, 46, 1, 1),
	(344, 32, 1, 2),
	(349, 2, 3, 1),
	(349, 59, 2, 4),
	(349, 52, 2, 2),
	(352, 11, 3, 4),
	(354, 14, 1, 4),
	(354, 28, 2, 4),
	(357, 48, 3, 2),
	(357, 58, 2, 2),
	(357, 3, 3, 3),
	(362, 54, 3, 1),
	(362, 31, 2, 2),
	(368, 14, 2, 1),
	(371, 15, 1, 4),
	(371, 25, 1, 3),
	(371, 5, 3, 1),
	(380, 34, 2, 3),
	(380, 60, 3, 3),
	(384, 38, 3, 4),
	(387, 46, 1, 3),
	(387, 41, 1, 4),
	(387, 18, 1, 1),
	(399, 41, 3, 3),
	(399, 33, 3, 4),
	(400, 57, 1, 4),
	(400, 43, 1, 2),
	(400, 10, 3, 1),
	(401, 13, 3, 4),
	(401, 47, 1, 2),
	(405, 32, 1, 1),
	(405, 13, 3, 4),
	(405, 58, 3, 4),
	(407, 13, 3, 1),
	(411, 8, 1, 4),
	(411, 16, 3, 4),
	(423, 38, 1, 4),
	(423, 5, 3, 1),
	(429, 38, 2, 4),
	(429, 4, 3, 1),
	(434, 49, 1, 3),
	(435, 56, 3, 3),
	(435, 50, 1, 3),
	(441, 13, 1, 4),
	(444, 5, 1, 2),
	(460, 7, 1, 4),
	(460, 27, 2, 4),
	(460, 11, 1, 2),
	(462, 38, 1, 2),
	(462, 55, 1, 4),
	(468, 5, 3, 4),
	(468, 42, 3, 3),
	(468, 51, 3, 1),
	(472, 58, 3, 1),
	(474, 14, 2, 1),
	(474, 31, 2, 4),
	(474, 54, 3, 3),
	(480, 13, 2, 4),
	(480, 30, 1, 1),
	(480, 60, 3, 4),
	(485, 20, 1, 3),
	(485, 53, 3, 4),
	(487, 60, 1, 1),
	(487, 22, 1, 3),
	(493, 25, 3, 2),
	(499, 45, 1, 2),
	(499, 15, 3, 3),
	(499, 59, 3, 3),
	(501, 36, 1, 2),
	(501, 3, 3, 1),
	(502, 24, 1, 1),
	(502, 38, 2, 1),
	(505, 17, 2, 4),
	(505, 34, 1, 4),
	(505, 12, 2, 4),
	(510, 58, 2, 4),
	(518, 9, 3, 2),
	(518, 1, 3, 2),
	(521, 12, 2, 4),
	(521, 30, 1, 1),
	(523, 38, 1, 2),
	(523, 2, 1, 1),
	(523, 32, 1, 3),
	(525, 11, 1, 1),
	(538, 11, 1, 1),
	(547, 42, 3, 1),
	(554, 60, 3, 4),
	(561, 45, 3, 1),
	(561, 26, 2, 1),
	(563, 55, 1, 1),
	(563, 51, 3, 2),
	(563, 2, 3, 3),
	(564, 24, 3, 2),
	(569, 15, 3, 2),
	(570, 6, 1, 2),
	(570, 30, 2, 3),
	(578, 4, 3, 4),
	(580, 54, 1, 1),
	(580, 25, 2, 1),
	(593, 46, 3, 2),
	(593, 55, 1, 3),
	(593, 18, 2, 1),
	(600, 11, 3, 3),
	(600, 22, 1, 2),
	(600, 32, 2, 1),
	(602, 31, 2, 3),
	(602, 37, 3, 3),
	(602, 36, 3, 1),
	(603, 19, 3, 4),
	(603, 60, 1, 1),
	(607, 4, 2, 3),
	(608, 48, 1, 1),
	(608, 59, 1, 3),
	(612, 41, 1, 2),
	(613, 28, 2, 3),
	(613, 34, 1, 1),
	(613, 11, 2, 4),
	(620, 24, 2, 4),
	(620, 50, 1, 4),
	(620, 51, 2, 2),
	(622, 8, 3, 1),
	(622, 60, 1, 2),
	(627, 37, 3, 2),
	(627, 22, 2, 1),
	(630, 27, 1, 3),
	(636, 39, 3, 4),
	(636, 1, 2, 2),
	(640, 4, 2, 3),
	(640, 42, 3, 1),
	(640, 23, 1, 2),
	(642, 55, 2, 4),
	(644, 47, 1, 4),
	(644, 23, 2, 1),
	(644, 10, 2, 4),
	(647, 12, 2, 2),
	(650, 42, 3, 1),
	(650, 22, 1, 1),
	(651, 15, 3, 2),
	(651, 56, 3, 2),
	(655, 58, 3, 2),
	(655, 1, 1, 3),
	(661, 41, 2, 3),
	(661, 42, 2, 1),
	(661, 40, 3, 2),
	(664, 17, 3, 4),
	(664, 33, 3, 2),
	(664, 7, 3, 1),
	(665, 17, 3, 1),
	(665, 10, 2, 4),
	(675, 8, 2, 2),
	(675, 13, 3, 3),
	(682, 40, 2, 1),
	(682, 41, 1, 2),
	(684, 26, 3, 3),
	(684, 56, 3, 4),
	(684, 25, 2, 2),
	(704, 33, 3, 4),
	(704, 42, 2, 4),
	(710, 50, 2, 2),
	(714, 1, 2, 3),
	(714, 27, 2, 3),
	(714, 36, 2, 4),
	(722, 53, 1, 4),
	(722, 36, 3, 1),
	(722, 46, 1, 2),
	(723, 4, 1, 2),
	(724, 51, 2, 2),
	(724, 16, 3, 2),
	(742, 43, 3, 4),
	(742, 18, 2, 2),
	(742, 54, 2, 1),
	(746, 16, 2, 2),
	(752, 8, 3, 2),
	(752, 50, 1, 2),
	(752, 54, 3, 3),
	(757, 47, 1, 1),
	(757, 51, 2, 4),
	(761, 52, 1, 4),
	(761, 34, 1, 4),
	(768, 15, 3, 4),
	(768, 45, 3, 3),
	(769, 24, 3, 4),
	(769, 43, 1, 2),
	(769, 5, 2, 3),
	(779, 56, 1, 1),
	(779, 27, 2, 3),
	(779, 1, 2, 1),
	(783, 57, 2, 2),
	(789, 35, 2, 2),
	(789, 10, 2, 1),
	(799, 45, 1, 3),
	(799, 31, 3, 1),
	(799, 14, 3, 4),
	(803, 33, 2, 4),
	(803, 25, 3, 2),
	(813, 17, 3, 1),
	(815, 46, 1, 2),
	(821, 5, 2, 3),
	(821, 29, 2, 4),
	(823, 32, 3, 1),
	(823, 18, 2, 2),
	(831, 15, 3, 2),
	(831, 2, 1, 2),
	(836, 7, 3, 3),
	(836, 46, 3, 2),
	(838, 49, 2, 4),
	(851, 34, 1, 3),
	(851, 29, 3, 3),
	(855, 1, 3, 2),
	(855, 43, 2, 3),
	(855, 7, 3, 1),
	(862, 18, 2, 2),
	(862, 60, 3, 4),
	(862, 22, 3, 3),
	(863, 26, 3, 3),
	(863, 16, 2, 1),
	(863, 1, 3, 4),
	(864, 20, 1, 2),
	(864, 26, 1, 3),
	(864, 22, 2, 3),
	(874, 51, 1, 3),
	(875, 47, 3, 2),
	(878, 39, 3, 2),
	(888, 32, 2, 3),
	(888, 29, 3, 2),
	(899, 24, 1, 3),
	(906, 12, 3, 2),
	(908, 35, 2, 3),
	(910, 45, 3, 2),
	(910, 31, 2, 1),
	(923, 45, 3, 2),
	(927, 29, 2, 2),
	(927, 33, 3, 1),
	(939, 43, 2, 3),
	(939, 40, 1, 3),
	(945, 58, 2, 2),
	(945, 14, 3, 1),
	(945, 43, 3, 3),
	(950, 44, 2, 3),
	(957, 20, 3, 3),
	(957, 1, 2, 1),
	(967, 14, 3, 4),
	(978, 33, 1, 1),
	(982, 16, 2, 1),
	(982, 32, 2, 4),
	(989, 40, 2, 1),
	(989, 31, 1, 4),
	(990, 22, 1, 4),
	(991, 9, 2, 4),
	(991, 56, 1, 3),
	(991, 27, 2, 4),
	(10, 50, 2, 1),
	(19, 46, 2, 2),
	(27, 51, 2, 2),
	(27, 26, 1, 4),
	(27, 46, 1, 1),
	(30, 37, 3, 2),
	(30, 25, 3, 1),
	(31, 20, 2, 3),
	(31, 37, 1, 4),
	(31, 18, 2, 1),
	(36, 3, 3, 2),
	(36, 28, 3, 2),
	(40, 8, 3, 3),
	(44, 44, 3, 1),
	(49, 41, 3, 3),
	(49, 30, 2, 4),
	(51, 10, 2, 2),
	(51, 52, 2, 1),
	(55, 29, 1, 1),
	(56, 30, 3, 3),
	(56, 34, 3, 1),
	(59, 43, 1, 1),
	(59, 45, 1, 3),
	(59, 18, 3, 1),
	(63, 54, 2, 3),
	(64, 57, 1, 2),
	(66, 52, 1, 4),
	(66, 57, 1, 1),
	(66, 25, 2, 4),
	(82, 35, 2, 2),
	(82, 20, 2, 2),
	(96, 5, 3, 1),
	(96, 32, 2, 2),
	(96, 51, 1, 4),
	(97, 49, 3, 1),
	(97, 44, 2, 3),
	(97, 32, 2, 3),
	(101, 1, 3, 3),
	(101, 3, 1, 1),
	(101, 36, 3, 1),
	(104, 39, 2, 1),
	(105, 42, 1, 2),
	(109, 23, 3, 1),
	(109, 38, 1, 2),
	(115, 15, 2, 4),
	(115, 43, 3, 4),
	(115, 7, 1, 1),
	(116, 37, 2, 3),
	(116, 9, 1, 3),
	(116, 21, 3, 3),
	(118, 47, 1, 1),
	(118, 60, 2, 1),
	(118, 7, 2, 2),
	(119, 53, 2, 2),
	(126, 57, 1, 4),
	(126, 58, 2, 2),
	(133, 57, 2, 3),
	(133, 44, 3, 2),
	(134, 17, 1, 1),
	(139, 2, 2, 4),
	(139, 44, 2, 3),
	(139, 51, 2, 4),
	(141, 12, 3, 1),
	(141, 42, 3, 2),
	(141, 5, 2, 2),
	(144, 18, 2, 1),
	(144, 35, 2, 2),
	(147, 52, 3, 4),
	(150, 58, 2, 1),
	(150, 22, 1, 1),
	(150, 37, 2, 1),
	(157, 42, 2, 3),
	(159, 42, 1, 3),
	(168, 58, 1, 1),
	(168, 39, 1, 3),
	(169, 47, 1, 2),
	(181, 57, 1, 4),
	(187, 29, 2, 3),
	(189, 47, 1, 4),
	(189, 59, 1, 1),
	(189, 50, 2, 2),
	(196, 28, 3, 3),
	(207, 6, 1, 4),
	(207, 13, 3, 1),
	(207, 41, 3, 4),
	(210, 44, 3, 2),
	(212, 54, 1, 4),
	(213, 59, 1, 2),
	(213, 57, 3, 3),
	(215, 8, 1, 1),
	(215, 13, 2, 1),
	(215, 18, 1, 2),
	(223, 27, 1, 3),
	(223, 24, 1, 3),
	(227, 38, 1, 3),
	(227, 45, 2, 1),
	(227, 53, 1, 2),
	(232, 30, 3, 2),
	(232, 17, 2, 2),
	(234, 33, 3, 4),
	(234, 20, 3, 4),
	(234, 6, 2, 1),
	(235, 36, 3, 3),
	(235, 20, 2, 4),
	(253, 42, 3, 3),
	(253, 27, 3, 3),
	(253, 53, 3, 4),
	(258, 52, 3, 2),
	(258, 41, 1, 3),
	(258, 46, 3, 2),
	(262, 30, 3, 2),
	(262, 10, 3, 1),
	(262, 8, 1, 1),
	(263, 1, 3, 4),
	(265, 21, 3, 3),
	(265, 50, 2, 2),
	(265, 35, 2, 4),
	(267, 6, 3, 3),
	(267, 44, 1, 1),
	(271, 49, 3, 2),
	(271, 18, 2, 3),
	(291, 57, 2, 1),
	(291, 6, 1, 2),
	(291, 55, 2, 2),
	(296, 13, 3, 4),
	(296, 47, 3, 1),
	(306, 31, 2, 2),
	(306, 7, 2, 4),
	(306, 9, 1, 4),
	(308, 42, 1, 3),
	(309, 3, 3, 4),
	(309, 50, 1, 3),
	(309, 11, 3, 4),
	(311, 47, 2, 4),
	(312, 6, 1, 1),
	(312, 15, 2, 4),
	(317, 23, 3, 2),
	(323, 48, 3, 2),
	(323, 57, 2, 4),
	(323, 53, 2, 2),
	(328, 37, 2, 3),
	(328, 35, 1, 2),
	(330, 37, 2, 2),
	(336, 48, 2, 1),
	(336, 47, 3, 2),
	(336, 50, 3, 4),
	(341, 28, 1, 1),
	(351, 20, 1, 1),
	(351, 46, 2, 3),
	(351, 59, 1, 3),
	(353, 2, 3, 4),
	(353, 52, 1, 4),
	(353, 45, 1, 2),
	(356, 51, 3, 4),
	(356, 6, 2, 3),
	(356, 30, 2, 1),
	(361, 10, 2, 3),
	(378, 22, 2, 4),
	(379, 43, 3, 3),
	(382, 19, 1, 1),
	(382, 58, 2, 3),
	(382, 6, 3, 2),
	(385, 31, 3, 1),
	(385, 13, 3, 3),
	(390, 21, 2, 1),
	(390, 14, 3, 2),
	(393, 35, 3, 4),
	(396, 23, 3, 4),
	(396, 7, 3, 3),
	(406, 45, 2, 3),
	(406, 48, 3, 3),
	(406, 33, 3, 2),
	(420, 44, 2, 3),
	(420, 18, 2, 2),
	(420, 11, 3, 2),
	(424, 54, 3, 4),
	(431, 51, 3, 2),
	(433, 9, 1, 3),
	(433, 14, 2, 3),
	(433, 38, 1, 3),
	(436, 38, 2, 3),
	(436, 12, 2, 2),
	(443, 5, 3, 1),
	(446, 3, 3, 3),
	(449, 32, 2, 4),
	(451, 58, 1, 3),
	(463, 13, 3, 2),
	(463, 26, 2, 2),
	(463, 2, 3, 2),
	(466, 53, 2, 4),
	(466, 51, 2, 3),
	(466, 42, 3, 3),
	(475, 28, 1, 3),
	(478, 29, 2, 2),
	(478, 27, 3, 1),
	(478, 28, 2, 3),
	(481, 30, 1, 3),
	(481, 17, 1, 4),
	(481, 18, 3, 3),
	(482, 40, 3, 3),
	(482, 17, 1, 3),
	(483, 48, 2, 3),
	(486, 3, 2, 3),
	(486, 45, 1, 1),
	(488, 46, 2, 1),
	(488, 11, 2, 4),
	(490, 18, 3, 1),
	(495, 32, 3, 4),
	(495, 16, 3, 4),
	(503, 54, 2, 3),
	(509, 55, 2, 1),
	(509, 34, 2, 3),
	(509, 1, 1, 2),
	(513, 39, 1, 2),
	(513, 52, 1, 4),
	(513, 1, 2, 1),
	(524, 38, 2, 4),
	(524, 20, 1, 2),
	(524, 35, 2, 1),
	(527, 59, 1, 3),
	(527, 50, 1, 3),
	(527, 53, 1, 2),
	(529, 25, 3, 4),
	(540, 29, 3, 2),
	(540, 34, 3, 1),
	(540, 26, 3, 3),
	(548, 41, 1, 2),
	(551, 28, 2, 1),
	(558, 51, 3, 3),
	(558, 19, 3, 2),
	(558, 29, 1, 1),
	(565, 49, 2, 4),
	(565, 4, 3, 2),
	(567, 22, 2, 2),
	(571, 5, 2, 1),
	(571, 23, 2, 1),
	(571, 56, 1, 4),
	(573, 9, 1, 4),
	(573, 38, 2, 3),
	(581, 5, 2, 4),
	(581, 28, 3, 2),
	(582, 45, 2, 3),
	(590, 18, 1, 4),
	(592, 52, 3, 2),
	(592, 29, 1, 1),
	(592, 34, 2, 4),
	(597, 15, 3, 4),
	(597, 1, 1, 3),
	(597, 14, 3, 4),
	(598, 54, 3, 4),
	(601, 18, 2, 2),
	(601, 56, 2, 4),
	(601, 23, 2, 2),
	(605, 40, 1, 1),
	(605, 48, 3, 2),
	(606, 33, 3, 3),
	(616, 57, 1, 4),
	(616, 25, 1, 3),
	(616, 26, 2, 3),
	(625, 36, 1, 4),
	(625, 19, 3, 4),
	(625, 4, 2, 3),
	(626, 25, 2, 1),
	(626, 40, 2, 1),
	(628, 11, 1, 2),
	(629, 38, 2, 1),
	(629, 60, 3, 2),
	(641, 57, 3, 1),
	(641, 28, 3, 3),
	(641, 18, 3, 2),
	(654, 16, 2, 3),
	(656, 10, 1, 3),
	(656, 42, 3, 4),
	(670, 35, 1, 4),
	(670, 38, 2, 1),
	(671, 54, 3, 1),
	(672, 55, 1, 4),
	(672, 18, 2, 2),
	(681, 48, 2, 2),
	(681, 1, 3, 4),
	(703, 13, 2, 4),
	(715, 40, 2, 1),
	(715, 22, 2, 1),
	(716, 25, 2, 3),
	(716, 40, 3, 2),
	(716, 55, 2, 2),
	(720, 59, 2, 4),
	(725, 59, 2, 3),
	(725, 46, 3, 3),
	(725, 15, 1, 3),
	(727, 21, 2, 1),
	(727, 24, 3, 3),
	(729, 30, 2, 4),
	(729, 2, 2, 1),
	(734, 25, 2, 3),
	(734, 37, 2, 2),
	(734, 30, 2, 2),
	(736, 8, 2, 4),
	(736, 59, 1, 3),
	(737, 51, 3, 2),
	(741, 53, 3, 3),
	(741, 48, 3, 2),
	(741, 37, 1, 1),
	(743, 51, 2, 4),
	(743, 6, 1, 4),
	(744, 8, 1, 4),
	(747, 52, 2, 3),
	(747, 49, 1, 2),
	(747, 34, 2, 1),
	(748, 23, 2, 4),
	(748, 18, 3, 4),
	(753, 13, 1, 3),
	(753, 22, 3, 2),
	(753, 31, 1, 3),
	(759, 38, 3, 1),
	(762, 31, 2, 2),
	(762, 37, 1, 3),
	(764, 46, 2, 4),
	(778, 38, 1, 3),
	(780, 55, 1, 4),
	(791, 16, 1, 3),
	(791, 58, 3, 3),
	(791, 10, 1, 1),
	(793, 34, 3, 1),
	(793, 60, 2, 1),
	(793, 44, 1, 4),
	(798, 58, 3, 2),
	(805, 58, 3, 1),
	(805, 16, 3, 4),
	(806, 50, 2, 2),
	(810, 47, 1, 4),
	(810, 50, 2, 2),
	(827, 8, 2, 3),
	(827, 60, 1, 1),
	(833, 53, 2, 2),
	(833, 32, 2, 2),
	(841, 31, 2, 4),
	(841, 32, 1, 4),
	(843, 35, 2, 1),
	(843, 56, 1, 2),
	(848, 59, 3, 3),
	(848, 1, 2, 1),
	(848, 47, 1, 3),
	(849, 52, 2, 3),
	(849, 41, 1, 3),
	(852, 38, 2, 2),
	(858, 19, 2, 1),
	(858, 33, 2, 4),
	(873, 58, 2, 4),
	(881, 21, 1, 4),
	(885, 8, 1, 2),
	(885, 59, 1, 2),
	(898, 55, 2, 3),
	(898, 44, 3, 2),
	(904, 55, 2, 1),
	(907, 35, 2, 1),
	(907, 28, 3, 3),
	(907, 41, 3, 1),
	(917, 1, 2, 3),
	(917, 20, 3, 2),
	(917, 13, 3, 1),
	(921, 38, 3, 4),
	(921, 60, 2, 1),
	(921, 22, 2, 1),
	(926, 37, 3, 1),
	(926, 32, 1, 3),
	(935, 34, 3, 2),
	(938, 50, 3, 4),
	(948, 34, 3, 4),
	(948, 43, 2, 4),
	(948, 52, 2, 4),
	(949, 9, 3, 3),
	(949, 8, 2, 4),
	(949, 22, 3, 3),
	(955, 40, 3, 4),
	(955, 2, 3, 4),
	(955, 13, 1, 4),
	(959, 56, 2, 3),
	(973, 48, 2, 3),
	(973, 19, 2, 1),
	(977, 37, 2, 2),
	(977, 22, 3, 1),
	(977, 60, 2, 2),
	(981, 40, 1, 2),
	(981, 27, 1, 4),
	(981, 2, 1, 1),
	(988, 40, 3, 3),
	(988, 29, 2, 3),
	(988, 14, 1, 2),
	(993, 40, 1, 3),
	(993, 17, 3, 1),
	(993, 38, 2, 3),
	(995, 54, 3, 3),
	(995, 31, 3, 4),
	(998, 46, 1, 2),
	(998, 42, 2, 1),
	(4, 33, 2, 4),
	(4, 10, 3, 2),
	(8, 14, 1, 1),
	(11, 51, 2, 4),
	(13, 2, 3, 3),
	(13, 41, 2, 1),
	(14, 45, 2, 2),
	(15, 24, 1, 2),
	(15, 26, 3, 1),
	(18, 7, 3, 1),
	(18, 4, 2, 3),
	(18, 2, 2, 3),
	(23, 58, 3, 4),
	(23, 29, 2, 2),
	(38, 44, 2, 2),
	(38, 10, 3, 2),
	(38, 57, 2, 4),
	(39, 44, 1, 3),
	(39, 35, 1, 3),
	(53, 22, 3, 2),
	(53, 23, 1, 1),
	(54, 44, 2, 3),
	(54, 27, 1, 1),
	(62, 23, 1, 1),
	(62, 25, 1, 4),
	(62, 55, 1, 1),
	(68, 16, 2, 3),
	(68, 9, 2, 1),
	(70, 22, 2, 3),
	(79, 51, 3, 1),
	(80, 5, 1, 3),
	(80, 58, 3, 3),
	(80, 31, 1, 3),
	(94, 24, 1, 1),
	(102, 50, 2, 3),
	(102, 22, 1, 1),
	(102, 6, 2, 3),
	(103, 7, 3, 4),
	(108, 43, 1, 4),
	(111, 5, 3, 3),
	(114, 38, 1, 3),
	(114, 48, 1, 4),
	(114, 46, 3, 4),
	(122, 9, 3, 3),
	(122, 15, 2, 3),
	(122, 48, 1, 1),
	(125, 40, 3, 2),
	(125, 58, 3, 2),
	(125, 20, 2, 2),
	(142, 34, 3, 1),
	(143, 59, 3, 3),
	(143, 47, 1, 2),
	(143, 9, 3, 3),
	(146, 37, 3, 4),
	(146, 53, 2, 1),
	(146, 32, 2, 1),
	(160, 59, 1, 3),
	(160, 25, 1, 4),
	(160, 13, 2, 4),
	(161, 32, 3, 3),
	(161, 25, 1, 1),
	(164, 54, 1, 1),
	(170, 33, 2, 3),
	(170, 41, 2, 4),
	(172, 36, 2, 1),
	(174, 38, 2, 4),
	(174, 15, 1, 2),
	(174, 9, 2, 4),
	(176, 39, 1, 1),
	(176, 3, 3, 4),
	(176, 50, 2, 3),
	(182, 33, 2, 1),
	(188, 26, 3, 2),
	(188, 56, 2, 2),
	(188, 17, 1, 2),
	(190, 23, 2, 1),
	(192, 3, 3, 2),
	(192, 19, 1, 2),
	(192, 58, 2, 2),
	(197, 21, 3, 2),
	(197, 9, 2, 4),
	(197, 7, 1, 1),
	(203, 13, 3, 1),
	(203, 56, 2, 1),
	(203, 21, 3, 3),
	(205, 6, 2, 4),
	(209, 36, 1, 4),
	(214, 16, 2, 4),
	(214, 45, 3, 4),
	(214, 1, 2, 4),
	(216, 55, 1, 4),
	(217, 11, 2, 4),
	(222, 23, 1, 3),
	(228, 3, 1, 4),
	(228, 24, 3, 1),
	(229, 40, 2, 2),
	(229, 34, 3, 3),
	(233, 54, 1, 4),
	(233, 58, 1, 2),
	(233, 9, 2, 2),
	(236, 55, 1, 2),
	(236, 59, 3, 4),
	(237, 52, 1, 2),
	(242, 36, 2, 4),
	(242, 59, 1, 3),
	(242, 56, 3, 3),
	(245, 29, 1, 3),
	(247, 8, 1, 2),
	(248, 24, 3, 4),
	(249, 48, 1, 4),
	(249, 7, 3, 3),
	(251, 48, 1, 4),
	(251, 35, 1, 4),
	(251, 13, 2, 1),
	(259, 37, 2, 2),
	(259, 41, 2, 2),
	(272, 38, 3, 2),
	(279, 7, 2, 2),
	(281, 47, 1, 4),
	(281, 38, 1, 2),
	(281, 40, 2, 2),
	(282, 29, 1, 4),
	(282, 27, 2, 3),
	(282, 22, 3, 2),
	(283, 20, 1, 2),
	(283, 36, 2, 3),
	(284, 44, 2, 1),
	(284, 55, 2, 1),
	(284, 58, 1, 4),
	(288, 49, 3, 3),
	(288, 31, 3, 2),
	(293, 1, 3, 1),
	(293, 43, 2, 1),
	(295, 47, 2, 2),
	(295, 15, 1, 3),
	(298, 7, 3, 3),
	(300, 44, 2, 2),
	(300, 2, 1, 4),
	(300, 16, 2, 4),
	(303, 37, 1, 3),
	(303, 16, 2, 2),
	(303, 12, 1, 4),
	(304, 17, 3, 1),
	(305, 23, 1, 2),
	(305, 39, 1, 2),
	(319, 23, 1, 4),
	(321, 27, 1, 2),
	(321, 34, 2, 2),
	(331, 18, 1, 4),
	(332, 51, 3, 4),
	(333, 24, 1, 4),
	(333, 49, 2, 2),
	(337, 57, 3, 2),
	(343, 27, 2, 3),
	(343, 26, 1, 4),
	(345, 11, 1, 3),
	(345, 20, 3, 2),
	(347, 59, 3, 3),
	(347, 31, 2, 3),
	(347, 48, 2, 3),
	(348, 43, 3, 4),
	(348, 41, 3, 3),
	(348, 37, 1, 1),
	(366, 40, 1, 3),
	(374, 43, 2, 4),
	(374, 2, 2, 1),
	(374, 19, 2, 1),
	(383, 6, 1, 4),
	(383, 13, 1, 3),
	(383, 45, 1, 4),
	(386, 31, 2, 2),
	(386, 19, 1, 3),
	(386, 57, 3, 1),
	(391, 11, 2, 3),
	(391, 46, 3, 3),
	(392, 48, 1, 4),
	(392, 57, 3, 3),
	(392, 6, 3, 4),
	(395, 28, 1, 3),
	(402, 16, 2, 1),
	(402, 4, 1, 4),
	(408, 55, 1, 4),
	(408, 20, 3, 1),
	(409, 52, 3, 4),
	(409, 22, 2, 1),
	(409, 53, 1, 3),
	(412, 20, 2, 4),
	(412, 30, 3, 2),
	(412, 21, 1, 3),
	(414, 37, 2, 2),
	(414, 34, 2, 3),
	(414, 2, 2, 3),
	(421, 20, 1, 3),
	(421, 13, 3, 3),
	(422, 8, 1, 1),
	(422, 21, 2, 3),
	(422, 17, 2, 2),
	(427, 29, 1, 3),
	(430, 44, 3, 3),
	(432, 4, 2, 3),
	(445, 16, 2, 2),
	(445, 31, 2, 3),
	(445, 22, 2, 3),
	(450, 54, 1, 3),
	(450, 6, 2, 1),
	(450, 11, 2, 1),
	(457, 47, 3, 3),
	(464, 45, 1, 4),
	(464, 58, 1, 1),
	(484, 43, 1, 2),
	(489, 4, 3, 3),
	(489, 47, 1, 4),
	(491, 56, 2, 1),
	(496, 21, 3, 3),
	(504, 54, 1, 4),
	(504, 37, 1, 3),
	(504, 23, 3, 3),
	(506, 15, 2, 1),
	(508, 13, 3, 4),
	(508, 2, 2, 1),
	(516, 35, 2, 4),
	(516, 23, 2, 3),
	(516, 7, 3, 2),
	(522, 24, 1, 2),
	(522, 28, 2, 1),
	(522, 13, 2, 2),
	(530, 16, 1, 3),
	(531, 45, 1, 2),
	(531, 34, 3, 4),
	(532, 14, 2, 3),
	(532, 24, 2, 3),
	(534, 9, 1, 1),
	(534, 10, 2, 4),
	(550, 33, 1, 2),
	(550, 49, 1, 3),
	(555, 49, 2, 4),
	(555, 41, 3, 4),
	(559, 38, 1, 4),
	(559, 46, 1, 1),
	(559, 9, 1, 4),
	(562, 18, 1, 1),
	(562, 25, 2, 4),
	(566, 49, 2, 4),
	(566, 20, 3, 1),
	(566, 54, 1, 4),
	(572, 33, 3, 2),
	(572, 15, 1, 2),
	(572, 41, 3, 4),
	(584, 17, 3, 4),
	(585, 27, 3, 2),
	(586, 11, 1, 4),
	(587, 11, 2, 2),
	(611, 30, 3, 1),
	(611, 21, 2, 1),
	(617, 8, 3, 2),
	(618, 26, 1, 2),
	(619, 13, 2, 3),
	(619, 5, 1, 2),
	(619, 36, 1, 3),
	(631, 21, 1, 4),
	(631, 1, 1, 2),
	(631, 31, 1, 1),
	(632, 36, 3, 2),
	(632, 56, 3, 1),
	(632, 32, 1, 1),
	(633, 45, 2, 4),
	(633, 23, 1, 1),
	(633, 58, 1, 3),
	(639, 43, 2, 1),
	(639, 5, 1, 2),
	(639, 51, 3, 4),
	(643, 46, 1, 1),
	(643, 18, 1, 4),
	(643, 55, 3, 4),
	(646, 47, 1, 2),
	(646, 19, 2, 3),
	(646, 53, 1, 4),
	(653, 28, 2, 3),
	(653, 57, 3, 2),
	(657, 21, 3, 1),
	(658, 44, 1, 1),
	(658, 37, 3, 1),
	(673, 26, 1, 2),
	(673, 34, 3, 3),
	(674, 58, 1, 2),
	(674, 59, 2, 1),
	(678, 15, 3, 1),
	(678, 48, 3, 2),
	(685, 36, 3, 3),
	(685, 23, 1, 1),
	(685, 58, 1, 3),
	(687, 40, 2, 4),
	(687, 17, 1, 2),
	(687, 34, 3, 2),
	(689, 9, 3, 4),
	(689, 31, 3, 3),
	(689, 53, 1, 4),
	(691, 59, 3, 3),
	(691, 39, 1, 1),
	(691, 31, 2, 4),
	(700, 17, 3, 2),
	(700, 51, 2, 3),
	(707, 32, 2, 2),
	(707, 53, 2, 3),
	(708, 55, 2, 3),
	(712, 22, 2, 4),
	(712, 4, 3, 3),
	(712, 47, 1, 4),
	(719, 4, 1, 4),
	(719, 15, 1, 3),
	(732, 1, 3, 3),
	(732, 50, 2, 2),
	(733, 39, 1, 2),
	(733, 20, 3, 4),
	(740, 54, 2, 4),
	(740, 8, 3, 3),
	(745, 7, 2, 1),
	(745, 26, 2, 3),
	(750, 23, 3, 2),
	(750, 31, 1, 3),
	(750, 54, 3, 4),
	(754, 58, 1, 1),
	(756, 24, 1, 3),
	(756, 39, 1, 3),
	(756, 27, 1, 3),
	(763, 59, 1, 4),
	(763, 34, 2, 2),
	(766, 14, 2, 3),
	(767, 37, 2, 2),
	(770, 33, 1, 4),
	(770, 9, 1, 1),
	(771, 37, 3, 3),
	(776, 32, 3, 1),
	(776, 44, 1, 1),
	(776, 18, 1, 1),
	(777, 48, 1, 2),
	(782, 25, 3, 4),
	(782, 23, 2, 1),
	(782, 41, 1, 1),
	(786, 26, 3, 4),
	(786, 51, 2, 3),
	(788, 3, 1, 2),
	(788, 12, 3, 4),
	(794, 56, 1, 3),
	(794, 22, 2, 4),
	(794, 52, 2, 4),
	(795, 54, 2, 1),
	(795, 57, 1, 2),
	(809, 22, 2, 1),
	(809, 5, 1, 2),
	(811, 41, 1, 2),
	(820, 11, 2, 4),
	(830, 51, 3, 1),
	(830, 57, 3, 1),
	(830, 48, 2, 1),
	(839, 31, 1, 2),
	(842, 37, 3, 1),
	(842, 57, 2, 1),
	(846, 6, 1, 3),
	(846, 11, 1, 4),
	(853, 1, 3, 2),
	(856, 10, 1, 3),
	(857, 47, 3, 4),
	(857, 17, 2, 2),
	(857, 30, 2, 3),
	(860, 34, 2, 4),
	(860, 14, 1, 2),
	(861, 50, 3, 1),
	(861, 43, 1, 1),
	(866, 58, 3, 3),
	(866, 49, 3, 1),
	(868, 6, 1, 1),
	(870, 55, 2, 2),
	(870, 36, 3, 2),
	(870, 54, 3, 1),
	(884, 56, 3, 1),
	(884, 8, 3, 3),
	(884, 46, 3, 1),
	(889, 45, 1, 4),
	(889, 15, 1, 2),
	(890, 30, 3, 3),
	(890, 17, 3, 4),
	(890, 27, 2, 3),
	(895, 32, 1, 2),
	(895, 24, 2, 1),
	(895, 44, 3, 2),
	(897, 19, 2, 2),
	(900, 49, 2, 4),
	(900, 33, 2, 2),
	(905, 57, 1, 1),
	(905, 39, 1, 3),
	(905, 6, 2, 3),
	(909, 8, 3, 2),
	(913, 38, 1, 3),
	(913, 6, 3, 1),
	(913, 3, 2, 3),
	(914, 32, 2, 1),
	(916, 26, 2, 3),
	(918, 15, 1, 3),
	(918, 49, 2, 1),
	(920, 40, 1, 1),
	(920, 14, 3, 1),
	(920, 39, 3, 3),
	(933, 3, 3, 3),
	(943, 17, 3, 3),
	(943, 52, 1, 1),
	(943, 26, 2, 4),
	(946, 33, 1, 4),
	(947, 51, 2, 1),
	(947, 50, 3, 4),
	(951, 58, 3, 4),
	(951, 26, 2, 2),
	(951, 47, 2, 4),
	(952, 49, 2, 4),
	(952, 10, 1, 4),
	(952, 4, 3, 3),
	(953, 34, 2, 4),
	(953, 43, 1, 4),
	(960, 47, 2, 2),
	(960, 19, 1, 4),
	(965, 25, 2, 3),
	(965, 2, 1, 1),
	(969, 8, 2, 4),
	(969, 1, 3, 3),
	(969, 26, 2, 3),
	(976, 20, 2, 4),
	(976, 7, 2, 3),
	(976, 18, 2, 1),
	(980, 4, 3, 2),
	(992, 24, 1, 1),
	(992, 36, 2, 3),
	(994, 60, 2, 4),
	(994, 47, 1, 2),
	(994, 51, 3, 3),
	(2, 10, 1, 3),
	(2, 50, 2, 3),
	(16, 24, 3, 4),
	(16, 60, 1, 2),
	(17, 31, 3, 1),
	(17, 11, 3, 4),
	(22, 9, 1, 3),
	(22, 46, 3, 2),
	(22, 7, 1, 2),
	(26, 43, 1, 2),
	(26, 15, 2, 4),
	(26, 42, 2, 3),
	(29, 33, 1, 4),
	(29, 4, 2, 1),
	(32, 25, 2, 4),
	(32, 2, 2, 4),
	(37, 2, 2, 3),
	(37, 58, 2, 1),
	(41, 1, 3, 2),
	(46, 19, 2, 3),
	(46, 8, 1, 4),
	(48, 3, 1, 4),
	(48, 23, 2, 2),
	(57, 35, 1, 2),
	(57, 48, 1, 1),
	(69, 27, 1, 2),
	(69, 8, 3, 1),
	(74, 58, 1, 2),
	(74, 48, 3, 3),
	(74, 20, 1, 1),
	(75, 1, 2, 2),
	(75, 24, 1, 2),
	(77, 11, 3, 3),
	(77, 23, 1, 4),
	(77, 56, 3, 4),
	(78, 46, 1, 2),
	(83, 57, 2, 3),
	(83, 22, 1, 2),
	(86, 1, 2, 1),
	(86, 42, 3, 1),
	(86, 38, 2, 4),
	(87, 54, 3, 3),
	(87, 30, 2, 3),
	(88, 30, 1, 1),
	(91, 50, 3, 1),
	(91, 5, 3, 1),
	(98, 46, 1, 2),
	(98, 19, 2, 4),
	(106, 27, 2, 4),
	(106, 39, 3, 2),
	(107, 43, 1, 2),
	(113, 53, 1, 2),
	(121, 25, 2, 2),
	(121, 3, 1, 2),
	(121, 43, 2, 3),
	(128, 41, 2, 1),
	(128, 35, 1, 4),
	(128, 38, 1, 4),
	(130, 43, 2, 2),
	(137, 40, 2, 1),
	(137, 33, 2, 4),
	(137, 46, 1, 4),
	(140, 27, 3, 2),
	(140, 32, 2, 1),
	(140, 25, 2, 4),
	(149, 8, 3, 1),
	(149, 24, 3, 2),
	(149, 9, 2, 3),
	(152, 26, 2, 1),
	(152, 9, 2, 4),
	(153, 56, 2, 2),
	(155, 54, 3, 1),
	(155, 44, 1, 4),
	(155, 19, 2, 3),
	(163, 31, 3, 1),
	(163, 60, 1, 1),
	(163, 59, 2, 3),
	(173, 58, 2, 1),
	(173, 25, 3, 2),
	(173, 19, 3, 2),
	(184, 55, 3, 1),
	(186, 49, 3, 3),
	(186, 34, 1, 4),
	(186, 2, 3, 3),
	(191, 15, 2, 2),
	(200, 43, 1, 1),
	(206, 5, 3, 2),
	(206, 35, 3, 2),
	(206, 21, 2, 1),
	(208, 59, 2, 2),
	(218, 24, 1, 1),
	(218, 14, 3, 4),
	(218, 48, 1, 1),
	(220, 11, 3, 1),
	(220, 59, 1, 3),
	(220, 54, 2, 1),
	(224, 39, 2, 4),
	(224, 57, 3, 4),
	(226, 18, 1, 3),
	(239, 39, 3, 2),
	(239, 58, 3, 3),
	(240, 4, 3, 1),
	(241, 41, 2, 1),
	(243, 11, 2, 2),
	(252, 21, 3, 2),
	(252, 37, 1, 3),
	(252, 22, 3, 3),
	(254, 5, 2, 1),
	(254, 29, 3, 4),
	(256, 14, 1, 3),
	(257, 59, 1, 4),
	(257, 23, 2, 4),
	(257, 30, 3, 1),
	(266, 2, 2, 2),
	(266, 39, 3, 3),
	(266, 57, 1, 4),
	(276, 58, 3, 4),
	(276, 35, 3, 1),
	(276, 12, 3, 1),
	(277, 35, 1, 4),
	(280, 54, 2, 4),
	(280, 12, 1, 4),
	(285, 20, 1, 1),
	(287, 5, 1, 1),
	(287, 45, 2, 3),
	(287, 31, 1, 3),
	(290, 22, 3, 4),
	(294, 19, 3, 4),
	(294, 57, 1, 1),
	(294, 35, 3, 2),
	(297, 50, 3, 2),
	(297, 21, 1, 2),
	(302, 7, 1, 3),
	(302, 32, 2, 4),
	(310, 36, 2, 2),
	(310, 44, 2, 4),
	(310, 32, 3, 1),
	(320, 44, 3, 1),
	(320, 56, 1, 2),
	(322, 35, 2, 3),
	(322, 53, 3, 4),
	(322, 60, 2, 2),
	(324, 34, 3, 1),
	(327, 51, 1, 2),
	(327, 48, 1, 3),
	(327, 3, 3, 4),
	(334, 50, 1, 3),
	(342, 39, 2, 4),
	(342, 29, 3, 1),
	(342, 22, 3, 1),
	(355, 13, 1, 3),
	(355, 29, 1, 2),
	(358, 42, 3, 2),
	(358, 59, 2, 1),
	(360, 58, 3, 3),
	(360, 5, 3, 2),
	(363, 46, 1, 1),
	(363, 55, 3, 2),
	(365, 41, 3, 3),
	(365, 10, 1, 4),
	(365, 48, 2, 3),
	(367, 5, 3, 1),
	(369, 2, 1, 2),
	(369, 38, 1, 2),
	(370, 23, 2, 4),
	(372, 59, 1, 1),
	(373, 27, 1, 2),
	(375, 44, 2, 3),
	(375, 35, 3, 4),
	(376, 31, 2, 2),
	(376, 24, 1, 1),
	(377, 37, 1, 3),
	(377, 44, 1, 3),
	(377, 6, 3, 3),
	(388, 17, 2, 2),
	(394, 7, 2, 3),
	(397, 58, 2, 1),
	(397, 26, 1, 4),
	(397, 41, 2, 1),
	(398, 59, 3, 3),
	(398, 13, 1, 3),
	(398, 49, 1, 1),
	(404, 59, 2, 4),
	(404, 35, 1, 4),
	(415, 27, 3, 1),
	(416, 43, 2, 4),
	(416, 16, 1, 4),
	(419, 28, 3, 1),
	(419, 18, 3, 1),
	(419, 43, 3, 1),
	(425, 56, 2, 3),
	(428, 27, 2, 3),
	(437, 37, 1, 4),
	(439, 13, 3, 1),
	(439, 53, 2, 1),
	(453, 11, 3, 1),
	(453, 58, 3, 4),
	(453, 44, 1, 2),
	(455, 33, 1, 3),
	(455, 49, 3, 1),
	(461, 3, 3, 3),
	(461, 14, 1, 3),
	(469, 56, 1, 4),
	(469, 28, 2, 2),
	(469, 60, 3, 3),
	(477, 1, 2, 1),
	(492, 58, 3, 4),
	(494, 20, 2, 4),
	(494, 44, 3, 1),
	(494, 6, 3, 3),
	(511, 2, 2, 4),
	(512, 53, 3, 2),
	(512, 45, 2, 3),
	(512, 17, 2, 4),
	(514, 3, 2, 2),
	(514, 55, 1, 3),
	(515, 23, 2, 3),
	(515, 7, 2, 4),
	(515, 39, 2, 2),
	(519, 26, 3, 3),
	(520, 26, 1, 2),
	(533, 31, 2, 3),
	(533, 24, 2, 4),
	(533, 43, 1, 1),
	(542, 45, 3, 3),
	(542, 46, 1, 4),
	(544, 38, 3, 3),
	(544, 54, 3, 1),
	(552, 12, 2, 3),
	(553, 10, 2, 3),
	(553, 20, 1, 3),
	(553, 40, 3, 1),
	(568, 41, 1, 1),
	(568, 23, 2, 4),
	(588, 13, 3, 1),
	(589, 19, 1, 2),
	(589, 2, 3, 3),
	(595, 25, 1, 1),
	(596, 25, 2, 4),
	(596, 26, 2, 3),
	(596, 17, 2, 4),
	(599, 15, 1, 2),
	(609, 11, 3, 2),
	(615, 60, 3, 3),
	(615, 11, 3, 3),
	(621, 60, 2, 4),
	(621, 34, 1, 3),
	(621, 21, 3, 2),
	(624, 60, 3, 3),
	(624, 31, 3, 2),
	(624, 36, 1, 3),
	(635, 23, 2, 1),
	(637, 36, 2, 3),
	(637, 11, 3, 4),
	(637, 19, 3, 3),
	(638, 39, 2, 4),
	(659, 38, 2, 1),
	(660, 56, 2, 4),
	(660, 10, 3, 1),
	(660, 1, 2, 4),
	(663, 20, 3, 2),
	(663, 27, 3, 2),
	(669, 32, 1, 3),
	(680, 56, 3, 4),
	(680, 49, 1, 4),
	(680, 23, 2, 4),
	(683, 46, 3, 1),
	(690, 53, 2, 1),
	(692, 16, 3, 4),
	(692, 35, 1, 3),
	(693, 30, 3, 1),
	(693, 17, 3, 4),
	(694, 23, 2, 3),
	(694, 10, 1, 1),
	(696, 11, 2, 1),
	(696, 34, 1, 3),
	(696, 12, 3, 4),
	(698, 56, 1, 4),
	(699, 36, 1, 1),
	(699, 15, 3, 4),
	(705, 33, 2, 2),
	(705, 26, 1, 3),
	(705, 6, 3, 2),
	(709, 29, 3, 1),
	(709, 9, 2, 2),
	(709, 14, 3, 2),
	(711, 52, 2, 2),
	(711, 9, 2, 2),
	(717, 18, 3, 4),
	(717, 17, 3, 4),
	(717, 14, 3, 1),
	(718, 10, 2, 3),
	(726, 60, 1, 4),
	(726, 1, 1, 2),
	(726, 34, 1, 4),
	(731, 60, 2, 2),
	(731, 25, 1, 4),
	(731, 34, 1, 3),
	(735, 2, 1, 2),
	(735, 60, 3, 1),
	(738, 35, 3, 3),
	(738, 2, 3, 2),
	(739, 48, 2, 4),
	(755, 35, 2, 3),
	(755, 13, 2, 4),
	(755, 58, 1, 3),
	(758, 32, 2, 3),
	(758, 42, 1, 1),
	(772, 26, 3, 1),
	(772, 15, 2, 3),
	(772, 43, 3, 3),
	(773, 36, 2, 1),
	(773, 31, 1, 1),
	(785, 36, 3, 1),
	(785, 58, 1, 2),
	(790, 31, 2, 1),
	(790, 24, 2, 3),
	(796, 8, 3, 2),
	(800, 59, 2, 1),
	(800, 11, 2, 3),
	(804, 24, 2, 2),
	(804, 34, 2, 4),
	(808, 25, 1, 4),
	(808, 41, 2, 2),
	(817, 17, 1, 2),
	(817, 9, 2, 3),
	(817, 46, 1, 1),
	(818, 38, 1, 3),
	(818, 30, 3, 3),
	(819, 45, 1, 2),
	(824, 22, 1, 2),
	(824, 7, 2, 2),
	(826, 38, 1, 2),
	(826, 17, 1, 1),
	(826, 35, 3, 2),
	(829, 57, 3, 1),
	(829, 13, 3, 4),
	(834, 35, 1, 1),
	(835, 25, 1, 1),
	(835, 30, 1, 1),
	(835, 14, 1, 3),
	(844, 34, 3, 3),
	(844, 42, 2, 2),
	(845, 12, 2, 1),
	(845, 20, 3, 1),
	(847, 18, 1, 3),
	(850, 1, 3, 2),
	(850, 37, 3, 3),
	(850, 7, 2, 4),
	(854, 24, 2, 2),
	(876, 1, 1, 3),
	(876, 34, 1, 3),
	(876, 43, 3, 4),
	(877, 32, 2, 1),
	(880, 20, 1, 1),
	(880, 4, 3, 1),
	(882, 1, 2, 4),
	(882, 35, 1, 3),
	(883, 19, 2, 1),
	(883, 50, 2, 4),
	(887, 5, 3, 2),
	(887, 36, 2, 3),
	(896, 59, 3, 1),
	(902, 28, 2, 3),
	(902, 42, 3, 3),
	(911, 38, 1, 3),
	(911, 21, 2, 2),
	(922, 39, 1, 4),
	(922, 24, 1, 4),
	(925, 37, 1, 4),
	(928, 5, 1, 1),
	(929, 10, 3, 1),
	(930, 6, 1, 2),
	(930, 54, 1, 3),
	(932, 57, 2, 2),
	(932, 40, 1, 2),
	(936, 13, 1, 3),
	(936, 1, 1, 3),
	(956, 34, 1, 1),
	(958, 12, 3, 3),
	(961, 6, 2, 3),
	(961, 59, 1, 1),
	(962, 51, 1, 4),
	(962, 30, 3, 4),
	(968, 50, 2, 2),
	(968, 56, 1, 1),
	(968, 34, 1, 3),
	(970, 52, 2, 4),
	(970, 42, 3, 3),
	(970, 22, 3, 3),
	(972, 30, 1, 3),
	(972, 27, 1, 4),
	(972, 28, 2, 2),
	(975, 25, 2, 3),
	(975, 26, 3, 2),
	(979, 21, 1, 2),
	(979, 19, 2, 1),
	(984, 3, 2, 3),
	(984, 22, 3, 3),
	(984, 49, 3, 4),
	(986, 18, 3, 1),
	(986, 23, 2, 3),
	(987, 14, 3, 3),
	(987, 37, 3, 2),
	(997, 19, 3, 4),
	(1000, 16, 1, 4),
	(1000, 1, 2, 4),
	(1000, 39, 1, 3)
;