-- insercion de datos en BRANCHS
INSERT INTO BRANCHS (name_branch, br_address, br_province)
VALUES
  ('BA Calzados', 'Av. Corrientes 1234', 'Buenos Aires'),
  ('CBA Zapatillas', 'Av. Colón 567', 'Córdoba'),
  ('R Shoes', 'Calle Sarmiento 890', 'Santa Fe'),
  ('M Move', 'Av. San Martín 2345', 'Mendoza'),
  ('T Zapatillas', 'Calle 25 de Mayo 456', 'Tucumán')
;

-- insercion de datos en CUSTOMERS
INSERT INTO CUSTOMERS (first_name, last_name, birthday, email)
VALUES
	('Molli', 'Tivolier', '1977-11-15', 'mtivolier0@cam.ac.uk'),
	('Udall', 'McKernon', '1990-02-21', 'umckernon1@ibm.com'),
	('Silvana', 'Nayer', '1976-08-14', 'snayer2@bluehost.com'),
	('Trstram', 'Oxbrow', '1999-01-29', 'toxbrow3@csmonitor.com'),
	('Ethelin', 'Chisolm', '1993-06-08', 'echisolm4@thetimes.co.uk'),
	('Cory', 'Costen', '2007-05-28', 'ccosten5@cbc.ca'),
	('Zachariah', 'Pendlebury', '2007-02-01', 'zpendlebury6@edublogs.org'),
	('Stirling', 'Rocks', '2001-04-09', 'srocks7@rediff.com'),
	('Roldan', 'Champneys', '1994-06-26', 'rchampneys8@live.com'),
	('Siouxie', 'Windows', '1980-02-02', 'swindows9@aol.com'),
	('Drucie', 'Wallbrook', '1980-03-18', 'dwallbrooka@flavors.me'),
	('Redford', 'Glasper', '1987-07-19', 'rglasperb@canalblog.com'),
	('Tiphani', 'Kimbling', '1988-10-24', 'tkimblingc@issuu.com'),
	('Cello', 'Harland', '2002-06-13', 'charlandd@ibm.com'),
	('Cathie', 'Hansell', '1975-07-11', 'chanselle@hostgator.com'),
	('Brittaney', 'Ellis', '2000-02-04', 'bellisf@parallels.com'),
	('Jermaine', 'Linskey', '2001-11-04', 'jlinskeyg@apache.org'),
	('Matilde', 'McIlvenna', '1996-05-05', 'mmcilvennah@wsj.com'),
	('Elfie', 'Bullman', '1985-12-16', 'ebullmani@admin.ch'),
	('Dwayne', 'Dyne', '1999-01-30', 'ddynej@hubpages.com'),
	('Dael', 'Duckitt', '1987-05-08', 'dduckittk@aboutads.info'),
	('Hillel', 'Tregenza', '1979-09-24', 'htregenzal@cmu.edu'),
	('Jessey', 'Stennet', '1985-02-15', 'jstennetm@craigslist.org'),
	('Winna', 'Bootell', '1975-07-14', 'wbootelln@wikispaces.com'),
	('Kettie', 'Cassius', '2002-12-08', 'kcassiuso@topsy.com'),
	('Maible', 'Britten', '2000-10-01', 'mbrittenp@globo.com'),
	('Quincey', 'Armfirld', '2000-03-02', 'qarmfirldq@who.int'),
	('Byrom', 'Argrave', '1977-09-14', 'bargraver@chicagotribune.com'),
	('Minny', 'Kinchley', '1978-04-06', 'mkinchleys@digg.com'),
	('Daphene', 'Kelcey', '1982-05-13', 'dkelceyt@businesswire.com'),
	('Davidson', 'Caffrey', '2003-11-21', 'dcaffreyu@nhs.uk'),
	('Perice', 'Fyfield', '1980-12-31', 'pfyfieldv@uol.com.br'),
	('Webster', 'Lynock', '1978-11-18', 'wlynockw@marketwatch.com'),
	('Gianna', 'Swale', '2002-08-26', 'gswalex@google.cn'),
	('Eilis', 'Paradyce', '1985-06-13', 'eparadycey@histats.com'),
	('Aveline', 'Houldcroft', '1975-10-25', 'ahouldcroftz@apple.com'),
	('Sandor', 'Yourell', '2002-09-28', 'syourell10@wp.com'),
	('Rudyard', 'Houseman', '1999-09-13', 'rhouseman11@mlb.com'),
	('Danny', 'Hurworth', '1997-04-21', 'dhurworth12@imdb.com'),
	('Merill', 'Walne', '2004-06-24', 'mwalne13@earthlink.net'),
	('Joana', 'Ubsdell', '1979-04-20', 'jubsdell14@shop-pro.jp'),
	('Jo', 'Barfoot', '1985-12-12', 'jbarfoot15@pbs.org'),
	('Rex', 'Slingsby', '2007-06-21', 'rslingsby16@ocn.ne.jp'),
	('Melinda', 'Ridges', '1990-10-01', 'mridges17@sbwire.com'),
	('Carlee', 'Pirie', '1985-03-30', 'cpirie18@pinterest.com'),
	('Candice', 'Burnup', '1979-04-21', 'cburnup19@usnews.com'),
	('Neel', 'Spowage', '1975-12-23', 'nspowage1a@mayoclinic.com'),
	('Torey', 'Norkett', '2000-02-27', 'tnorkett1b@amazon.com'),
	('Audrye', 'Snarie', '1994-04-28', 'asnarie1c@noaa.gov'),
	('Sandy', 'Motte', '2006-11-12', 'smotte1d@tiny.cc'),
	('Anastassia', 'Eard', '1998-01-19', 'aeard1e@github.com'),
	('Oran', 'Dalli', '1978-06-28', 'odalli1f@tripadvisor.com'),
	('Gerald', 'McKinna', '1977-07-21', 'gmckinna1g@latimes.com'),
	('Delmer', 'Bockman', '1981-12-21', 'dbockman1h@51.la'),
	('Felizio', 'Davy', '1979-09-03', 'fdavy1i@quantcast.com'),
	('Zacharias', 'Jaquiss', '1977-06-24', 'zjaquiss1j@weebly.com'),
	('Blane', 'Ballentime', '2006-05-23', 'bballentime1k@feedburner.com'),
	('Natale', 'Vanyutin', '1976-08-29', 'nvanyutin1l@artisteer.com'),
	('Herman', 'Fritchly', '1992-01-23', 'hfritchly1m@domainmarket.com'),
	('Evelyn', 'Eyam', '1977-04-05', 'eeyam1n@cornell.edu'),
	('Niall', 'Rushe', '1981-08-03', 'nrushe1o@zimbio.com'),
	('Gerda', 'Brimilcome', '1977-11-06', 'gbrimilcome1p@merriam-webster.com'),
	('Todd', 'Marcombe', '2006-12-05', 'tmarcombe1q@vimeo.com'),
	('Nicholas', 'Snassell', '1982-11-01', 'nsnassell1r@cnbc.com'),
	('Junina', 'Dechelette', '2002-01-29', 'jdechelette1s@wisc.edu'),
	('Adeline', 'Balwin', '1994-05-09', 'abalwin1t@hao123.com'),
	('Drusy', 'Habberjam', '1979-01-07', 'dhabberjam1u@prweb.com'),
	('Shirlene', 'Julyan', '1995-03-03', 'sjulyan1v@nhs.uk'),
	('Lorenza', 'McElwee', '1975-11-19', 'lmcelwee1w@amazon.co.jp'),
	('Glenine', 'Gurge', '1988-05-31', 'ggurge1x@arizona.edu'),
	('Lisha', 'Rash', '1982-09-05', 'lrash1y@cbc.ca'),
	('Brit', 'Orht', '1986-11-16', 'borht1z@discuz.net'),
	('Ax', 'Larciere', '1985-09-24', 'alarciere20@prlog.org'),
	('Ronald', 'Mastrantone', '2006-04-30', 'rmastrantone21@shutterfly.com'),
	('Flory', 'Shegog', '2006-07-20', 'fshegog22@chicagotribune.com'),
	('Miller', 'Klee', '1994-02-15', 'mklee23@alibaba.com'),
	('Lucias', 'Topper', '1975-08-07', 'ltopper24@youtu.be'),
	('Adamo', 'Columbell', '1994-08-31', 'acolumbell25@edublogs.org'),
	('Red', 'Lydiatt', '2004-09-18', 'rlydiatt26@fastcompany.com'),
	('Carmina', 'Blodgett', '1995-05-21', 'cblodgett27@netvibes.com'),
	('Marten', 'Smaile', '1996-11-15', 'msmaile28@bloglovin.com'),
	('Giuseppe', 'Tancock', '1983-03-07', 'gtancock29@issuu.com'),
	('Jacob', 'Follows', '1981-04-08', 'jfollows2a@google.com.br'),
	('Armand', 'Oehm', '1977-06-23', 'aoehm2b@lulu.com'),
	('Sheryl', 'Cadreman', '1981-10-22', 'scadreman2c@bloomberg.com'),
	('Cate', 'Coplestone', '1985-04-30', 'ccoplestone2d@newyorker.com'),
	('Miles', 'Late', '2004-10-28', 'mlate2e@thetimes.co.uk'),
	('Darcy', 'Linde', '1988-10-25', 'dlinde2f@irs.gov'),
	('Max', 'ducarme', '2002-09-25', 'mducarme2g@exblog.jp'),
	('Reinhard', 'Miguet', '1979-09-07', 'rmiguet2h@pcworld.com'),
	('Frasier', 'Peggrem', '1992-03-16', 'fpeggrem2i@nature.com'),
	('Doll', 'Lesly', '1982-06-29', 'dlesly2j@indiatimes.com'),
	('Mirilla', 'Ravilious', '1977-12-31', 'mravilious2k@so-net.ne.jp'),
	('Anne-corinne', 'Antonoczyk', '1996-04-25', 'aantonoczyk2l@examiner.com'),
	('Patty', 'Ferris', '1986-07-18', 'pferris2m@friendfeed.com'),
	('Verine', 'Yalden', '1991-04-10', 'vyalden2n@chronoengine.com'),
	('Tootsie', 'Dorkin', '1985-03-09', 'tdorkin2o@dot.gov'),
	('Nichol', 'Coleford', '1999-08-13', 'ncoleford2p@newyorker.com'),
	('Harley', 'Paulusch', '1985-03-24', 'hpaulusch2q@1und1.de'),
	('Norean', 'Sartain', '2001-04-05', 'nsartain2r@home.pl'),
	('Antony', 'Bonny', '1999-10-27', 'abonny2s@twitter.com'),
	('Hal', 'Learmont', '1989-06-20', 'hlearmont2t@webeden.co.uk'),
	('Fenelia', 'MacHostie', '1984-04-13', 'fmachostie2u@is.gd'),
	('Phedra', 'Ridgewell', '2001-05-29', 'pridgewell2v@reddit.com'),
	('Godfree', 'Hauck', '1995-04-08', 'ghauck2w@constantcontact.com'),
	('Gwenore', 'Brennon', '2004-11-09', 'gbrennon2x@statcounter.com'),
	('Laureen', 'Maud', '1997-08-03', 'lmaud2y@gnu.org'),
	('Marysa', 'Allard', '1998-04-22', 'mallard2z@yelp.com'),
	('Rollins', 'MacConnel', '1984-10-22', 'rmacconnel30@ibm.com'),
	('Saudra', 'Langthorn', '1988-10-25', 'slangthorn31@addthis.com'),
	('Kellie', 'Deverall', '1982-11-23', 'kdeverall32@joomla.org'),
	('Jeannie', 'Darlasson', '1984-05-05', 'jdarlasson33@seattletimes.com'),
	('Winnie', 'Haycroft', '1991-07-06', 'whaycroft34@discovery.com'),
	('Gilberto', 'Onraet', '1998-03-28', 'gonraet35@cmu.edu'),
	('Shellie', 'Such', '2002-01-05', 'ssuch36@latimes.com'),
	('Jeri', 'Tilt', '2002-09-10', 'jtilt37@google.es'),
	('Starr', 'Suttaby', '1993-10-04', 'ssuttaby38@soundcloud.com'),
	('Araldo', 'Mogg', '1977-05-02', 'amogg39@moonfruit.com'),
	('Filippa', 'Belamy', '2001-02-16', 'fbelamy3a@alexa.com'),
	('Alain', 'Murricanes', '1977-03-14', 'amurricanes3b@fc2.com'),
	('Sallyann', 'Ville', '1983-09-12', 'sville3c@etsy.com'),
	('Isadora', 'Boyford', '1980-02-04', 'iboyford3d@topsy.com'),
	('Pauletta', 'Sparshett', '2007-04-03', 'psparshett3e@free.fr'),
	('Brunhilda', 'Grabert', '1976-11-20', 'bgrabert3f@woothemes.com'),
	('Kienan', 'Traylen', '2004-02-09', 'ktraylen3g@upenn.edu'),
	('Camille', 'Fettis', '1996-11-08', 'cfettis3h@booking.com'),
	('Esme', 'Kenwright', '1982-07-29', 'ekenwright3i@cyberchimps.com'),
	('Shell', 'Tennet', '1993-12-17', 'stennet3j@loc.gov'),
	('Freddy', 'Brasseur', '1976-03-17', 'fbrasseur3k@umn.edu'),
	('Belicia', 'Onele', '1986-11-11', 'bonele3l@telegraph.co.uk'),
	('Karly', 'Comrie', '1976-05-08', 'kcomrie3m@aboutads.info'),
	('Valentine', 'De Maria', '1995-10-07', 'vdemaria3n@yellowbook.com'),
	('Kate', 'Boyan', '2007-09-17', 'kboyan3o@auda.org.au'),
	('Johannes', 'McKiddin', '1980-06-26', 'jmckiddin3p@indiatimes.com'),
	('Alexis', 'Redgrove', '2005-11-30', 'aredgrove3q@buzzfeed.com'),
	('Pavel', 'Snedden', '1990-02-13', 'psnedden3r@google.com.br'),
	('Portia', 'Dickenson', '1992-12-29', 'pdickenson3s@weebly.com'),
	('Deloria', 'Fine', '1985-03-26', 'dfine3t@plala.or.jp'),
	('Allina', 'Columbine', '2004-05-22', 'acolumbine3u@java.com'),
	('Dale', 'Monteath', '1996-08-17', 'dmonteath3v@army.mil'),
	('Stanton', 'Paulo', '1996-02-15', 'spaulo3w@1688.com'),
	('Rozelle', 'McBay', '1977-05-12', 'rmcbay3x@examiner.com'),
	('Lesli', 'Gotthard.sf', '1991-10-04', 'lgotthardsf3y@smh.com.au'),
	('Nickie', 'Buckell', '2006-07-02', 'nbuckell3z@kickstarter.com'),
	('Shane', 'Stoffler', '1991-04-16', 'sstoffler40@uol.com.br'),
	('Goldina', 'Harley', '2002-05-05', 'gharley41@nasa.gov'),
	('Melisse', 'Gandey', '1986-08-22', 'mgandey42@reddit.com'),
	('Michael', 'Burnhams', '1986-04-28', 'mburnhams43@angelfire.com'),
	('Doy', 'Ducrow', '1994-02-28', 'dducrow44@auda.org.au'),
	('Idette', 'Bock', '1989-11-10', 'ibock45@skyrock.com'),
	('Oralie', 'Davie', '1989-04-14', 'odavie46@woothemes.com'),
	('Ted', 'Wilkin', '1993-04-17', 'twilkin47@bbb.org'),
	('Sammy', 'McPhater', '1986-08-16', 'smcphater48@mapy.cz'),
	('Callida', 'Provost', '1984-07-31', 'cprovost49@youku.com'),
	('Prentice', 'Smiley', '1988-06-23', 'psmiley4a@slate.com'),
	('Domingo', 'McIlroy', '1991-10-21', 'dmcilroy4b@qq.com'),
	('Lutero', 'Ferre', '1979-07-06', 'lferre4c@nydailynews.com'),
	('Friedrich', 'Stobbart', '1985-09-09', 'fstobbart4d@g.co'),
	('Shanie', 'Rosnau', '2002-10-12', 'srosnau4e@virginia.edu'),
	('Yvonne', 'MacGray', '1986-09-06', 'ymacgray4f@facebook.com'),
	('Quintilla', 'Malloy', '1996-11-01', 'qmalloy4g@ca.gov'),
	('Faber', 'Galier', '1997-07-10', 'fgalier4h@issuu.com'),
	('Hakeem', 'Croson', '2003-07-25', 'hcroson4i@webeden.co.uk'),
	('Morris', 'Gosdin', '1985-03-29', 'mgosdin4j@ibm.com'),
	('Elvyn', 'Lukasik', '1978-08-27', 'elukasik4k@businesswire.com'),
	('Nicolais', 'Conway', '1987-05-30', 'nconway4l@cnet.com'),
	('Valida', 'Parlot', '1995-10-12', 'vparlot4m@abc.net.au'),
	('Pansy', 'Dooland', '1995-12-27', 'pdooland4n@etsy.com'),
	('Laetitia', 'Savine', '1977-01-04', 'lsavine4o@github.io'),
	('Gunter', 'Bleby', '1995-06-22', 'gbleby4p@nyu.edu'),
	('Maxwell', 'Munro', '1988-10-30', 'mmunro4q@t-online.de'),
	('Alvera', 'Ubsdall', '1997-04-24', 'aubsdall4r@delicious.com'),
	('Daffi', 'Blunderfield', '1998-06-25', 'dblunderfield4s@wordpress.com'),
	('Ardelis', 'Obell', '2006-12-10', 'aobell4t@zimbio.com'),
	('Ilaire', 'Rideout', '1995-07-05', 'irideout4u@comsenz.com'),
	('Svend', 'Pashan', '1997-08-14', 'spashan4v@nifty.com'),
	('Lucille', 'Crankshaw', '1993-07-14', 'lcrankshaw4w@example.com'),
	('Dael', 'Cristoferi', '1993-05-11', 'dcristoferi4x@ning.com'),
	('Kara-lynn', 'McGiffin', '2006-04-29', 'kmcgiffin4y@cam.ac.uk'),
	('Prentice', 'Salt', '2007-04-21', 'psalt4z@purevolume.com'),
	('Rayna', 'Mattam', '2005-08-18', 'rmattam50@myspace.com'),
	('Ichabod', 'Domsalla', '1984-03-18', 'idomsalla51@icio.us'),
	('Mattie', 'Lawlan', '1985-10-02', 'mlawlan52@aol.com'),
	('Jase', 'Truggian', '1999-09-22', 'jtruggian53@wufoo.com'),
	('Drake', 'Thickett', '1999-06-01', 'dthickett54@answers.com'),
	('Madonna', 'Goathrop', '1984-02-06', 'mgoathrop55@e-recht24.de'),
	('Franny', 'Lambal', '1999-03-14', 'flambal56@statcounter.com'),
	('Andrey', 'Ugolotti', '1975-09-29', 'augolotti57@nps.gov'),
	('Norina', 'Mar', '2004-03-29', 'nmar58@sitemeter.com'),
	('Kermy', 'Seater', '1976-01-11', 'kseater59@webmd.com'),
	('Jacqui', 'Swalowe', '2005-10-01', 'jswalowe5a@nps.gov'),
	('Orren', 'Wansbury', '2003-10-18', 'owansbury5b@pinterest.com'),
	('Cristabel', 'Smither', '1976-09-28', 'csmither5c@nps.gov'),
	('Florette', 'Parcall', '2005-08-18', 'fparcall5d@lulu.com'),
	('Rogerio', 'Worsalls', '1987-11-10', 'rworsalls5e@amazon.co.uk'),
	('Archer', 'Cartmell', '1976-03-23', 'acartmell5f@typepad.com'),
	('Chris', 'Dupey', '1975-10-24', 'cdupey5g@ed.gov'),
	('Bartholomeus', 'Laugheran', '1998-01-27', 'blaugheran5h@blogspot.com'),
	('Hillyer', 'Vina', '1975-05-10', 'hvina5i@slashdot.org'),
	('Kata', 'Golder', '1999-06-18', 'kgolder5j@seattletimes.com'),
	('Jock', 'McLaine', '2005-12-14', 'jmclaine5k@liveinternet.ru'),
	('Mara', 'Mohan', '2000-10-20', 'mmohan5l@ted.com'),
	('Tersina', 'Mabbett', '2002-12-07', 'tmabbett5m@wikispaces.com'),
	('Tammie', 'Trustie', '1997-01-20', 'ttrustie5n@princeton.edu'),
	('Foster', 'Keitch', '1979-11-16', 'fkeitch5o@google.com'),
	('Lind', 'Teml', '1993-08-10', 'lteml5p@nytimes.com'),
	('Collie', 'Hayers', '1988-03-09', 'chayers5q@arizona.edu'),
	('Ariela', 'Drydale', '1980-02-01', 'adrydale5r@typepad.com'),
	('Marika', 'Grandham', '1997-01-09', 'mgrandham5s@economist.com'),
	('Nelli', 'Binney', '2007-12-04', 'nbinney5t@wikipedia.org'),
	('Deanna', 'Yeomans', '1977-12-08', 'dyeomans5u@dion.ne.jp'),
	('Miquela', 'Kiff', '1981-04-22', 'mkiff5v@webnode.com'),
	('Anthea', 'Ortet', '1991-10-20', 'aortet5w@redcross.org'),
	('Kanya', 'Traves', '2003-05-03', 'ktraves5x@ihg.com'),
	('Dinah', 'MacTrusty', '2003-08-03', 'dmactrusty5y@topsy.com'),
	('Gerrie', 'Doiley', '1989-12-25', 'gdoiley5z@cargocollective.com'),
	('Shanta', 'Cowlam', '2004-10-03', 'scowlam60@cbslocal.com'),
	('Eziechiele', 'Nequest', '1986-10-16', 'enequest61@diigo.com'),
	('Scarlet', 'McLarty', '1979-05-19', 'smclarty62@yahoo.com'),
	('Chelsae', 'Ivanikov', '1977-05-08', 'civanikov63@marriott.com'),
	('Elladine', 'Teligin', '2000-01-19', 'eteligin64@cornell.edu'),
	('Rockie', 'Haruard', '2002-08-24', 'rharuard65@reverbnation.com'),
	('Hugo', 'Mewe', '1984-03-09', 'hmewe66@japanpost.jp'),
	('Dominick', 'Huton', '1987-06-27', 'dhuton67@yellowpages.com'),
	('Adolpho', 'Gurnell', '1992-11-10', 'agurnell68@mapquest.com'),
	('Lemar', 'Frie', '1998-06-28', 'lfrie69@clickbank.net'),
	('Siffre', 'Dadda', '1993-10-18', 'sdadda6a@bloglines.com'),
	('Carleen', 'Sankey', '1982-06-02', 'csankey6b@dailymotion.com'),
	('Heda', 'McKeller', '1993-09-27', 'hmckeller6c@edublogs.org'),
	('Bartholomew', 'Sackler', '1982-06-01', 'bsackler6d@cbslocal.com'),
	('Rudolf', 'Peinton', '1994-09-28', 'rpeinton6e@bluehost.com'),
	('Kitty', 'Sloegrave', '1999-11-08', 'ksloegrave6f@dot.gov'),
	('Joelle', 'Habergham', '2004-09-22', 'jhabergham6g@gnu.org'),
	('Elnora', 'Dragoe', '2005-08-29', 'edragoe6h@ezinearticles.com'),
	('Noelle', 'Lambal', '1982-09-09', 'nlambal6i@nyu.edu'),
	('Kerianne', 'Burcher', '2007-11-10', 'kburcher6j@businesswire.com'),
	('Toddie', 'Le feaver', '1987-07-01', 'tlefeaver6k@youtube.com'),
	('Rubin', 'Tarver', '1980-06-16', 'rtarver6l@google.com.hk'),
	('Silvie', 'Skellington', '1989-05-31', 'sskellington6m@theguardian.com'),
	('Galven', 'Coram', '1990-10-05', 'gcoram6n@examiner.com'),
	('Perl', 'Sevitt', '1987-04-04', 'psevitt6o@constantcontact.com'),
	('Filmore', 'Benda', '2001-10-23', 'fbenda6p@hexun.com'),
	('Lindie', 'Althorp', '1982-06-20', 'lalthorp6q@goo.gl'),
	('Katalin', 'Pachta', '1999-06-05', 'kpachta6r@flavors.me'),
	('Edgard', 'Surgison', '2000-02-26', 'esurgison6s@infoseek.co.jp'),
	('Morganne', 'Blazej', '1993-10-23', 'mblazej6t@japanpost.jp'),
	('Gerek', 'Garms', '1997-03-11', 'ggarms6u@nasa.gov'),
	('Randie', 'Gouldstraw', '2002-02-09', 'rgouldstraw6v@goodreads.com'),
	('Lezlie', 'Licari', '1994-10-23', 'llicari6w@cdbaby.com'),
	('Garey', 'Van den Velden', '2006-08-14', 'gvandenvelden6x@rambler.ru'),
	('Ronda', 'Stidson', '2001-04-26', 'rstidson6y@about.me'),
	('Torin', 'Dorking', '1993-06-03', 'tdorking6z@umich.edu'),
	('Darelle', 'Wilding', '1996-11-10', 'dwilding70@google.co.uk'),
	('Lauraine', 'Cribbins', '1997-08-01', 'lcribbins71@people.com.cn'),
	('Aaren', 'Dallimare', '1990-08-26', 'adallimare72@dedecms.com'),
	('Arturo', 'Lansdowne', '1995-10-30', 'alansdowne73@geocities.jp'),
	('Beatriz', 'Starbucke', '1975-05-31', 'bstarbucke74@about.com'),
	('Jory', 'Lighterness', '1991-09-13', 'jlighterness75@parallels.com'),
	('Suzi', 'Rawlison', '2004-03-15', 'srawlison76@php.net'),
	('Wallie', 'Pordall', '2007-08-08', 'wpordall77@about.com'),
	('Gran', 'Kubyszek', '2007-10-22', 'gkubyszek78@goo.ne.jp'),
	('Tammie', 'Della', '1990-10-28', 'tdella79@live.com'),
	('Boote', 'Glessane', '2006-12-22', 'boglessane7a@cpanel.net'),
	('Fina', 'Bostock', '2004-12-17', 'fbostock7b@printfriendly.com'),
	('Otho', 'Sigfrid', '1975-01-05', 'osigfrid7c@creativecommons.org'),
	('Ede', 'Otham', '1993-02-03', 'eotham7d@utexas.edu'),
	('Redford', 'Fitzsymonds', '2001-10-20', 'rfitzsymonds7e@google.ca'),
	('Adda', 'Wanless', '1975-11-09', 'awanless7f@about.com'),
	('Kendal', 'Jendrich', '1983-11-15', 'kjendrich7g@ezinearticles.com'),
	('Mikaela', 'Huckle', '1998-02-06', 'mhuckle7h@sbwire.com'),
	('Yoshi', 'Roumier', '1980-10-31', 'yroumier7i@alibaba.com'),
	('Aimee', 'Greenroa', '1977-05-28', 'agreenroa7j@cpanel.net'),
	('Dee dee', 'Baptie', '1998-05-28', 'dbaptie7k@theatlantic.com'),
	('Elliott', 'Rieflin', '1997-11-21', 'erieflin7l@desdev.cn'),
	('Ajay', 'Clorley', '1986-04-25', 'aclorley7m@marketwatch.com'),
	('Aidan', 'Angrave', '1983-01-19', 'aangrave7n@cornell.edu'),
	('Lotta', 'Firpi', '1995-09-14', 'lfirpi7o@cam.ac.uk'),
	('Milka', 'Clout', '1998-12-19', 'mclout7p@oracle.com'),
	('Fanchon', 'Powder', '1985-04-11', 'fpowder7q@nature.com'),
	('Marjy', 'Rimington', '1979-05-01', 'mrimington7r@wsj.com'),
	('Cchaddie', 'Lukash', '1991-05-23', 'clukash7s@weibo.com'),
	('Lesley', 'Shieber', '1986-03-11', 'lshieber7t@un.org'),
	('Dorita', 'Smalls', '1995-11-17', 'dsmalls7u@linkedin.com'),
	('Phaidra', 'Vawton', '1999-11-17', 'pvawton7v@seattletimes.com'),
	('Alvinia', 'Stryde', '1980-08-12', 'astryde7w@spiegel.de'),
	('Cthrine', 'Romaint', '1985-07-24', 'cromaint7x@slideshare.net'),
	('Sukey', 'Bickerdike', '1982-01-17', 'sbickerdike7y@hugedomains.com'),
	('Herby', 'Brodley', '1999-07-08', 'hbrodley7z@bbb.org'),
	('Sharla', 'Liles', '1987-02-19', 'sliles80@fc2.com'),
	('Ninette', 'Hincks', '1998-07-08', 'nhincks81@omniture.com'),
	('Donelle', 'Moralee', '1985-04-07', 'dmoralee82@phoca.cz'),
	('Ossie', 'Copnell', '2004-10-06', 'ocopnell83@usatoday.com'),
	('Jamie', 'Eyckelberg', '1991-11-25', 'jeyckelberg84@yelp.com'),
	('Rollo', 'Fittis', '1980-04-25', 'rfittis85@examiner.com'),
	('Trace', 'Grolmann', '1987-08-22', 'tgrolmann86@imageshack.us'),
	('Odessa', 'Hearon', '1998-11-24', 'ohearon87@surveymonkey.com'),
	('Cilka', 'McGillicuddy', '1994-03-06', 'cmcgillicuddy88@wordpress.com'),
	('Arlan', 'Hovell', '1999-06-03', 'ahovell89@stumbleupon.com'),
	('Rainer', 'Grelka', '1976-04-19', 'rgrelka8a@photobucket.com'),
	('Delmar', 'Alred', '1985-12-24', 'dalred8b@springer.com'),
	('Nollie', 'Dewdney', '1980-03-09', 'ndewdney8c@oakley.com'),
	('Marketa', 'Kapiloff', '2006-10-19', 'mkapiloff8d@nhs.uk'),
	('Andros', 'Caddick', '1991-07-13', 'acaddick8e@mit.edu'),
	('Alma', 'Willis', '1978-06-15', 'awillis8f@freewebs.com'),
	('Nolie', 'McClintock', '1997-04-03', 'nmcclintock8g@chicagotribune.com'),
	('Carlyn', 'Hateley', '1987-06-14', 'chateley8h@intel.com'),
	('Bridie', 'Saltwell', '2001-11-01', 'bsaltwell8i@amazon.com'),
	('Addie', 'Delacour', '1999-10-10', 'adelacour8j@scribd.com'),
	('Ebonee', 'Melanaphy', '1997-04-17', 'emelanaphy8k@artisteer.com'),
	('Scarlett', 'Gerling', '1978-06-01', 'sgerling8l@nytimes.com'),
	('Geraldine', 'Hake', '1989-05-06', 'ghake8m@yellowpages.com'),
	('Hubie', 'Margaret', '1990-08-29', 'hmargaret8n@freewebs.com'),
	('Mylo', 'Flipek', '1985-08-22', 'mflipek8o@blogs.com'),
	('Angie', 'Lawrence', '2006-03-05', 'alawrence8p@canalblog.com'),
	('Drugi', 'Scurman', '1996-10-31', 'dscurman8q@domainmarket.com'),
	('Sawyere', 'Gemmill', '1991-08-07', 'sgemmill8r@drupal.org'),
	('Jackelyn', 'Rheaume', '1991-02-21', 'jrheaume8s@google.es'),
	('Ximenes', 'MacCorkell', '1978-09-24', 'xmaccorkell8t@dedecms.com'),
	('Belicia', 'Cornil', '1997-09-27', 'bcornil8u@squarespace.com'),
	('Hope', 'Britcher', '1985-12-04', 'hbritcher8v@cargocollective.com'),
	('Alexandr', 'Perl', '1982-03-01', 'aperl8w@microsoft.com'),
	('Yehudi', 'Basset', '2006-08-02', 'ybasset8x@amazonaws.com'),
	('Sid', 'De Lacey', '1999-02-05', 'sdelacey8y@soundcloud.com'),
	('Marten', 'Kiljan', '1988-11-25', 'mkiljan8z@geocities.com'),
	('Abbi', 'Archbell', '1993-10-04', 'aarchbell90@berkeley.edu'),
	('Madalyn', 'Sealy', '1988-12-27', 'msealy91@aboutads.info'),
	('Rosalinda', 'Pontefract', '1994-04-29', 'rpontefract92@auda.org.au'),
	('Conrade', 'Capozzi', '1991-11-22', 'ccapozzi93@answers.com'),
	('Quincy', 'Cullagh', '1980-10-19', 'qcullagh94@newsvine.com'),
	('Rosita', 'Scattergood', '1982-12-01', 'rscattergood95@ifeng.com'),
	('Hamish', 'Rizziello', '1998-10-28', 'hrizziello96@alexa.com'),
	('Jessalyn', 'Malpas', '1981-07-30', 'jmalpas97@biblegateway.com'),
	('Jaquelyn', 'Figin', '1980-06-19', 'jfigin98@cnet.com'),
	('Josy', 'Cobbold', '1982-06-12', 'jcobbold99@ameblo.jp'),
	('Pryce', 'Pedri', '1982-09-22', 'ppedri9a@symantec.com'),
	('Agnesse', 'Cathery', '1992-10-27', 'acathery9b@clickbank.net'),
	('Gilberto', 'Le Leu', '2005-10-10', 'gleleu9c@jimdo.com'),
	('Kati', 'Colliard', '1999-06-09', 'kcolliard9d@shop-pro.jp'),
	('Coretta', 'Simenon', '2001-03-12', 'csimenon9e@stumbleupon.com'),
	('Renelle', 'MacCall', '1975-12-28', 'rmaccall9f@cdbaby.com'),
	('Jolee', 'Norsister', '1996-05-15', 'jnorsister9g@auda.org.au'),
	('Brendan', 'Banghe', '1979-07-11', 'bbanghe9h@naver.com'),
	('Elia', 'Crim', '1982-06-05', 'ecrim9i@geocities.jp'),
	('Emile', 'Turgoose', '1977-07-18', 'eturgoose9j@gov.uk'),
	('Onfre', 'Harwin', '1995-11-07', 'oharwin9k@sun.com'),
	('Ronnie', 'Maccaddie', '2005-12-16', 'rmaccaddie9l@columbia.edu'),
	('Alison', 'Dye', '1977-10-05', 'adye9m@devhub.com'),
	('Ichabod', 'Pallaske', '1989-08-02', 'ipallaske9n@ihg.com'),
	('Ingeberg', 'Vaun', '1996-08-22', 'ivaun9o@wufoo.com'),
	('Whittaker', 'Hatcliffe', '1983-08-23', 'whatcliffe9p@timesonline.co.uk'),
	('Miof mela', 'Dinse', '1985-10-02', 'mdinse9q@nydailynews.com'),
	('Mair', 'Patmore', '1976-03-19', 'mpatmore9r@wikia.com'),
	('Ingra', 'Guterson', '1998-05-22', 'iguterson9s@irs.gov'),
	('Malvina', 'Wardrope', '1982-02-02', 'mwardrope9t@reverbnation.com'),
	('Gerta', 'Tatnell', '1992-02-23', 'gtatnell9u@example.com'),
	('Luci', 'Kaemena', '1986-03-21', 'lkaemena9v@sphinn.com'),
	('Lavina', 'Beathem', '1982-01-11', 'lbeathem9w@last.fm'),
	('Erastus', 'Simonite', '1984-04-06', 'esimonite9x@si.edu'),
	('Geno', 'Aberdeen', '2005-11-12', 'gaberdeen9y@list-manage.com'),
	('Marlowe', 'Sirkett', '1993-07-02', 'msirkett9z@1688.com'),
	('Gregoire', 'Mordanti', '1979-01-08', 'gmordantia0@ucsd.edu'),
	('Florida', 'Haylock', '1998-04-22', 'fhaylocka1@wsj.com'),
	('Ingaborg', 'Langstrath', '1991-10-02', 'ilangstratha2@typepad.com'),
	('Sanders', 'Sapseed', '1995-01-23', 'ssapseeda3@macromedia.com'),
	('Charlena', 'Montague', '2001-03-15', 'cmontaguea4@sfgate.com'),
	('Sandi', 'Bellenger', '1992-03-13', 'sbellengera5@cornell.edu'),
	('Nathan', 'Burnie', '1987-02-15', 'nburniea6@1und1.de'),
	('Pooh', 'Ivens', '1977-05-08', 'pivensa7@nytimes.com'),
	('Vernon', 'Taffe', '1981-07-28', 'vtaffea8@marriott.com'),
	('Gil', 'Pelerin', '2005-07-17', 'gpelerina9@rakuten.co.jp'),
	('Karry', 'Bailles', '1977-09-12', 'kbaillesaa@drupal.org'),
	('Torry', 'Stratiff', '1992-09-25', 'tstratiffab@e-recht24.de'),
	('Gino', 'Hauch', '1981-03-10', 'ghauchac@soundcloud.com'),
	('Tamara', 'Hargrove', '1986-10-17', 'thargrovead@telegraph.co.uk'),
	('Sari', 'Fellows', '2007-06-16', 'sfellowsae@google.com'),
	('Tarra', 'Batchley', '1992-02-16', 'tbatchleyaf@naver.com'),
	('Jameson', 'Raund', '1975-01-19', 'jraundag@tmall.com'),
	('George', 'Rallin', '1975-12-09', 'grallinah@abc.net.au'),
	('Kimble', 'Quainton', '1995-08-23', 'kquaintonai@amazon.co.jp'),
	('Etti', 'Laddle', '2003-06-12', 'eladdleaj@google.ru'),
	('Camellia', 'Fearn', '1987-11-22', 'cfearnak@admin.ch'),
	('Benito', 'Yurkiewicz', '1996-12-07', 'byurkiewiczal@ucla.edu'),
	('Rickey', 'Deville', '1996-07-18', 'rdevilleam@umich.edu'),
	('Freida', 'Drakeley', '1976-05-02', 'fdrakeleyan@people.com.cn'),
	('Dorothy', 'Rikkard', '1992-01-13', 'drikkardao@sohu.com'),
	('Lynsey', 'Bett', '1991-09-26', 'lbettap@gnu.org'),
	('Shanon', 'Kubatsch', '2000-04-19', 'skubatschaq@devhub.com'),
	('Nicolina', 'Morkham', '1991-12-04', 'nmorkhamar@odnoklassniki.ru'),
	('Tallie', 'Duckett', '1983-10-11', 'tduckettas@discuz.net'),
	('Dietrich', 'Barthot', '1987-08-09', 'dbarthotat@home.pl'),
	('Ambros', 'Duncanson', '1991-08-12', 'aduncansonau@biblegateway.com'),
	('Olenolin', 'Bentke', '1978-03-21', 'obentkeav@behance.net'),
	('Donal', 'Sainter', '1976-04-24', 'dsainteraw@techcrunch.com'),
	('Zeke', 'Fosbraey', '1979-09-10', 'zfosbraeyax@noaa.gov'),
	('Lesly', 'Coller', '2001-11-28', 'lcolleray@hc360.com'),
	('Jonathon', 'Camplejohn', '1989-11-09', 'jcamplejohnaz@ca.gov'),
	('Miltie', 'Hulance', '2000-01-07', 'mhulanceb0@businessinsider.com'),
	('Jonas', 'Kolak', '1977-11-30', 'jkolakb1@aboutads.info'),
	('Jessamine', 'Aland', '1998-04-30', 'jalandb2@opera.com'),
	('Billie', 'Kippen', '1975-04-03', 'bkippenb3@yelp.com'),
	('Corrie', 'Richfield', '1978-06-12', 'crichfieldb4@multiply.com'),
	('Dominick', 'Mawhinney', '1996-11-01', 'dmawhinneyb5@csmonitor.com'),
	('Felecia', 'Nursey', '1996-10-24', 'fnurseyb6@pcworld.com'),
	('Isahella', 'Locker', '1986-08-18', 'ilockerb7@163.com'),
	('Craig', 'Duerden', '1986-10-08', 'cduerdenb8@admin.ch'),
	('Ward', 'Monteith', '1981-04-13', 'wmonteithb9@digg.com'),
	('Junia', 'Pimer', '1982-05-08', 'jpimerba@uiuc.edu'),
	('Brandy', 'Weinmann', '1986-04-09', 'bweinmannbb@dion.ne.jp'),
	('Magdalen', 'Hear', '1989-12-24', 'mohearbc@timesonline.co.uk'),
	('Cindee', 'Hardaker', '1989-05-01', 'chardakerbd@bbb.org'),
	('Hillary', 'Beckworth', '1995-11-19', 'hbeckworthbe@rakuten.co.jp'),
	('Alistair', 'McAvaddy', '2002-11-11', 'amcavaddybf@zimbio.com'),
	('Olivier', 'Bryett', '1977-08-15', 'obryettbg@goo.gl'),
	('Neill', 'Levings', '1989-06-01', 'nlevingsbh@geocities.com'),
	('Lezley', 'Surphliss', '1984-03-23', 'lsurphlissbi@wufoo.com'),
	('Arni', 'Mosby', '2000-01-06', 'amosbybj@sciencedaily.com'),
	('Darcy', 'Arnke', '1976-05-12', 'darnkebk@biglobe.ne.jp'),
	('Alexis', 'Petranek', '1994-09-30', 'apetranekbl@eventbrite.com'),
	('Constantia', 'Odney', '1989-04-22', 'codneybm@wsj.com'),
	('Galina', 'Sartain', '1982-09-16', 'gsartainbn@purevolume.com'),
	('Cynthea', 'Catherall', '1977-01-31', 'ccatherallbo@miitbeian.gov.cn'),
	('Simon', 'Shaddick', '1982-05-24', 'sshaddickbp@surveymonkey.com'),
	('Pattie', 'Pott', '1977-05-01', 'ppottbq@sogou.com'),
	('Israel', 'Buzek', '1979-12-20', 'ibuzekbr@github.com'),
	('Clea', 'Face', '1989-01-24', 'cfacebs@hatena.ne.jp'),
	('Fancie', 'Rentelll', '1983-03-16', 'frentelllbt@cbslocal.com'),
	('Allen', 'Fallowes', '1998-04-24', 'afallowesbu@google.cn'),
	('Patric', 'Pulver', '1994-03-29', 'ppulverbv@people.com.cn'),
	('Delphinia', 'Barrowcliff', '1991-05-17', 'dbarrowcliffbw@vimeo.com'),
	('Abbe', 'Semarke', '1997-12-15', 'asemarkebx@google.nl'),
	('Aimee', 'Bricket', '2003-03-17', 'abricketby@squidoo.com'),
	('Saundra', 'Magrane', '1988-11-11', 'smagranebz@mlb.com'),
	('Dianne', 'Wixey', '1996-09-09', 'dwixeyc0@google.it'),
	('Francesco', 'Trehearne', '1985-08-07', 'ftrehearnec1@omniture.com'),
	('Wright', 'Teffrey', '1999-11-10', 'wteffreyc2@jalbum.net'),
	('Bert', 'Kerner', '1996-08-07', 'bkernerc3@xrea.com'),
	('Cally', 'Savaage', '1975-01-19', 'csavaagec4@independent.co.uk'),
	('Cobb', 'Jaray', '1980-11-06', 'cjarayc5@ycombinator.com'),
	('Clarisse', 'Tacker', '1977-11-25', 'ctackerc6@lulu.com'),
	('Gwen', 'Giorgiutti', '2005-08-12', 'ggiorgiuttic7@merriam-webster.com'),
	('Vivienne', 'Suart', '1988-02-06', 'vsuartc8@un.org'),
	('Humfried', 'Ridewood', '1992-12-02', 'hridewoodc9@feedburner.com'),
	('Dav', 'Hilland', '2003-09-30', 'dhillandca@umich.edu'),
	('Aldon', 'Mushett', '2001-12-24', 'amushettcb@twitter.com'),
	('Ondrea', 'Pannett', '1990-05-30', 'opannettcc@furl.net'),
	('Franny', 'Gallimore', '1984-06-30', 'fgallimorecd@wufoo.com'),
	('Carver', 'Mc Andrew', '2005-12-17', 'cmcandrewce@aol.com'),
	('Elsa', 'Stolze', '2002-05-01', 'estolzecf@networkadvertising.org'),
	('Nari', 'Stout', '1982-11-01', 'nstoutcg@cbc.ca'),
	('Eduino', 'Ossenna', '2000-12-10', 'eossennach@salon.com'),
	('Orlando', 'Lasslett', '1995-11-30', 'olasslettci@weebly.com'),
	('Feodora', 'Plimmer', '1991-02-18', 'fplimmercj@diigo.com'),
	('Lazaro', 'Weatherburn', '1983-04-03', 'lweatherburnck@wikia.com'),
	('Berkeley', 'Ballintyne', '1984-02-28', 'bballintynecl@ed.gov'),
	('Lee', 'Dany', '1992-06-01', 'ldanycm@cpanel.net'),
	('Shelley', 'Johnigan', '2004-03-16', 'sjohnigancn@google.fr'),
	('Skelly', 'Moores', '1995-06-29', 'smooresco@com.com'),
	('Manya', 'Cherrie', '1987-04-20', 'mcherriecp@diigo.com'),
	('Pamela', 'Want', '1982-01-11', 'pwantcq@nba.com'),
	('Thoma', 'Escale', '1999-05-24', 'tescalecr@microsoft.com'),
	('Temple', 'Karmel', '1978-12-25', 'tkarmelcs@weebly.com'),
	('Wylma', 'Alwell', '1995-06-20', 'walwellct@github.io'),
	('Carita', 'Cormode', '1996-06-07', 'ccormodecu@t-online.de'),
	('Leslie', 'Fogg', '1982-10-18', 'lfoggcv@cnn.com'),
	('Chevy', 'Glauber', '1989-09-03', 'cglaubercw@free.fr'),
	('Heriberto', 'Feek', '1989-02-27', 'hfeekcx@mysql.com'),
	('Elinore', 'Delaprelle', '1991-01-23', 'edelaprellecy@simplemachines.org'),
	('Elyn', 'Prangle', '2004-04-12', 'epranglecz@google.it'),
	('Dukey', 'Watts', '1975-02-20', 'dwattsd0@alexa.com'),
	('Consuelo', 'Sailor', '2006-11-20', 'csailord1@people.com.cn'),
	('Paxton', 'Tanfield', '1986-08-24', 'ptanfieldd2@usa.gov'),
	('Rik', 'Fairhead', '1982-10-26', 'rfairheadd3@epa.gov'),
	('Avril', 'Imort', '1986-09-19', 'aimortd4@ebay.co.uk'),
	('Jobi', 'Horrod', '1997-03-12', 'jhorrodd5@sourceforge.net'),
	('Elke', 'Smeuin', '1981-10-11', 'esmeuind6@columbia.edu'),
	('Alasteir', 'Meaddowcroft', '2007-08-27', 'ameaddowcroftd7@shutterfly.com'),
	('Glen', 'Georgeot', '1990-06-14', 'ggeorgeotd8@biglobe.ne.jp'),
	('Rodd', 'Loveman', '2002-11-25', 'rlovemand9@tripod.com'),
	('Sonny', 'Dimnage', '2001-01-11', 'sdimnageda@woothemes.com'),
	('Corissa', 'Eite', '1981-05-01', 'ceitedb@deviantart.com'),
	('Bennie', 'Elders', '2001-07-11', 'beldersdc@mashable.com'),
	('Corny', 'Barthot', '1980-05-27', 'cbarthotdd@sun.com'),
	('Vina', 'Andrysiak', '1975-08-05', 'vandrysiakde@xing.com'),
	('Shelton', 'Kobierski', '1980-09-17', 'skobierskidf@kickstarter.com'),
	('Dani', 'Ortsmann', '1981-01-28', 'dortsmanndg@utexas.edu'),
	('Kandy', 'Hulcoop', '1996-02-29', 'khulcoopdh@webnode.com'),
	('Page', 'Brute', '1985-06-25', 'pbrutedi@yellowpages.com'),
	('Joanna', 'Meeking', '1990-06-01', 'jmeekingdj@eepurl.com'),
	('Alexi', 'Robardey', '2002-01-13', 'arobardeydk@livejournal.com'),
	('Gannon', 'Kincade', '1991-05-30', 'gkincadedl@networkadvertising.org'),
	('Zaneta', 'Chaimson', '1977-10-25', 'zchaimsondm@pbs.org'),
	('Ellyn', 'Blaxlande', '2003-03-25', 'eblaxlandedn@twitpic.com'),
	('Sianna', 'Sorbey', '1977-04-16', 'ssorbeydo@vistaprint.com'),
	('Ailina', 'Ratcliffe', '1982-08-12', 'aratcliffedp@sogou.com'),
	('Klara', 'Brightman', '1991-06-15', 'kbrightmandq@cbsnews.com'),
	('Clementia', 'Bentick', '1976-07-06', 'cbentickdr@redcross.org'),
	('Torey', 'Domek', '1985-03-09', 'tdomekds@blogspot.com'),
	('Fred', 'Colson', '1982-03-14', 'fcolsondt@example.com'),
	('Alene', 'Thatcher', '1993-01-25', 'athatcherdu@devhub.com'),
	('Georges', 'Jeffress', '1993-03-03', 'gjeffressdv@indiegogo.com'),
	('Kiah', 'Sinnatt', '1998-04-23', 'ksinnattdw@google.de'),
	('Viola', 'Ducker', '1999-01-06', 'vduckerdx@cdbaby.com'),
	('Bennett', 'Slator', '1996-06-09', 'bslatordy@list-manage.com'),
	('Puff', 'Szantho', '1995-12-05', 'pszanthodz@mit.edu'),
	('Barry', 'Montford', '1975-08-08', 'bmontforde0@ycombinator.com'),
	('Giana', 'Schimonek', '1975-08-05', 'gschimoneke1@cpanel.net'),
	('Artemis', 'Dumingo', '2003-06-25', 'adumingoe2@reuters.com'),
	('Siusan', 'Kilbey', '1979-01-03', 'skilbeye3@geocities.jp'),
	('Irina', 'Attersoll', '1979-10-09', 'iattersolle4@yolasite.com'),
	('Ewart', 'Knighton', '1975-05-31', 'eknightone5@biglobe.ne.jp'),
	('Burton', 'Quest', '2001-05-11', 'bqueste6@globo.com'),
	('Amy', 'Franciotti', '1986-11-22', 'afranciottie7@ask.com'),
	('Rubin', 'McConnell', '1980-03-28', 'rmcconnelle8@narod.ru'),
	('Joy', 'Pascall', '1989-01-29', 'jpascalle9@princeton.edu'),
	('Andie', 'Kalberer', '2003-06-01', 'akalbererea@msn.com'),
	('Filmore', 'Krolle', '2002-08-22', 'fkrolleeb@aboutads.info'),
	('Magdaia', 'Burnell', '1988-02-06', 'mburnellec@example.com'),
	('Janey', 'Warbey', '2002-08-11', 'jwarbeyed@ca.gov'),
	('Efren', 'Buttwell', '1985-05-24', 'ebuttwellee@nsw.gov.au'),
	('Elnore', 'Beddard', '2002-02-17', 'ebeddardef@netvibes.com'),
	('Flor', 'Heasly', '1980-07-08', 'fheaslyeg@cdc.gov'),
	('Shell', 'Masserel', '2003-08-01', 'smassereleh@abc.net.au'),
	('Celinka', 'Chesshyre', '1985-05-11', 'cchesshyreei@amazonaws.com'),
	('Babs', 'Aitken', '1998-03-09', 'baitkenej@epa.gov'),
	('Katy', 'Baptista', '1984-11-01', 'kbaptistaek@discuz.net'),
	('Dougie', 'Hewes', '1989-10-09', 'dhewesel@exblog.jp'),
	('Clarissa', 'Joinsey', '2003-02-15', 'cjoinseyem@networksolutions.com'),
	('Cornelius', 'Diver', '1993-05-29', 'cdiveren@pen.io'),
	('Lari', 'Hrinchishin', '1976-06-13', 'lhrinchishineo@ft.com'),
	('Binky', 'Jaggi', '1985-12-15', 'bjaggiep@tinypic.com'),
	('Goldina', 'Bickerstaffe', '1983-02-17', 'gbickerstaffeeq@behance.net'),
	('Lorettalorna', 'Goward', '1977-09-20', 'lgowarder@alibaba.com'),
	('Brok', 'Cuff', '1993-03-02', 'bcuffes@etsy.com'),
	('Sauveur', 'Noraway', '2002-12-24', 'snorawayet@alibaba.com'),
	('Berny', 'Birdseye', '2006-05-30', 'bbirdseyeeu@ft.com'),
	('Goldi', 'McWilliam', '1989-11-13', 'gmcwilliamev@soup.io'),
	('Win', 'Biffin', '2001-05-28', 'wbiffinew@miibeian.gov.cn'),
	('Crin', 'Tufts', '1987-05-17', 'ctuftsex@nhs.uk'),
	('Liva', 'Tuck', '1990-03-23', 'ltuckey@dedecms.com'),
	('Jonas', 'Kleisel', '2007-07-16', 'jkleiselez@ed.gov'),
	('Barnabe', 'Richings', '1996-07-20', 'brichingsf0@accuweather.com'),
	('Jeri', 'Skelhorn', '1988-04-17', 'jskelhornf1@digg.com'),
	('Tildy', 'Theseira', '1979-03-06', 'ttheseiraf2@usnews.com'),
	('Lorena', 'Corbally', '2004-07-22', 'lcorballyf3@smugmug.com'),
	('Konstantin', 'Ferraron', '2002-04-15', 'kferraronf4@wisc.edu'),
	('Ahmad', 'Hamblen', '1991-04-24', 'ahamblenf5@springer.com'),
	('Valera', 'Ternouth', '1990-09-21', 'vternouthf6@prlog.org'),
	('Brittne', 'Baskerfield', '1992-12-15', 'bbaskerfieldf7@samsung.com'),
	('Ricardo', 'Paynes', '1979-02-20', 'rpaynesf8@aboutads.info'),
	('Maureene', 'Pailin', '1995-02-03', 'mpailinf9@oakley.com'),
	('Nanci', 'Slyme', '1999-06-09', 'nslymefa@vinaora.com'),
	('Fern', 'Pauly', '2003-08-13', 'fpaulyfb@senate.gov'),
	('Rozalin', 'Scaice', '1978-10-17', 'rscaicefc@netvibes.com'),
	('Dewitt', 'Cromarty', '1976-10-06', 'dcromartyfd@sitemeter.com'),
	('Nevin', 'Blaine', '2006-06-14', 'nblainefe@toplist.cz'),
	('Clarance', 'Torricella', '2000-12-10', 'ctorricellaff@moonfruit.com'),
	('Lexy', 'Gamblin', '1987-06-22', 'lgamblinfg@reverbnation.com'),
	('Jaine', 'Mowson', '1983-10-28', 'jmowsonfh@hao123.com'),
	('Ely', 'Escale', '1978-04-24', 'eescalefi@wsj.com'),
	('Kellby', 'Lidgett', '1997-09-24', 'klidgettfj@macromedia.com'),
	('Tan', 'Pideon', '1989-08-26', 'tpideonfk@squarespace.com'),
	('Herby', 'Durdy', '1982-07-10', 'hdurdyfl@technorati.com'),
	('Orton', 'Mucklow', '1975-11-12', 'omucklowfm@spotify.com'),
	('Lissie', 'Buyers', '2007-09-02', 'lbuyersfn@prweb.com'),
	('Izzy', 'Cantopher', '1978-11-01', 'icantopherfo@macromedia.com'),
	('Kelsi', 'Petticrow', '1988-09-27', 'kpetticrowfp@elegantthemes.com'),
	('Chelsey', 'Groomebridge', '1999-02-13', 'cgroomebridgefq@flavors.me'),
	('Kaiser', 'Rusk', '1980-09-26', 'kruskfr@163.com'),
	('Selene', 'Woolner', '2004-03-26', 'swoolnerfs@ow.ly'),
	('Horst', 'Banker', '1984-01-20', 'hbankerft@wp.com'),
	('Ody', 'Skepper', '1997-02-07', 'oskepperfu@imageshack.us'),
	('Lotty', 'Loftie', '1986-09-29', 'lloftiefv@ibm.com'),
	('Sigmund', 'Muneely', '1986-08-31', 'smuneelyfw@istockphoto.com'),
	('Krisha', 'Vedishchev', '1986-02-08', 'kvedishchevfx@fotki.com'),
	('Fleurette', 'Dayce', '1988-11-19', 'fdaycefy@eepurl.com'),
	('Jacquelynn', 'Bendix', '1988-05-11', 'jbendixfz@ehow.com'),
	('Nicola', 'Percifer', '1983-07-17', 'nperciferg0@imdb.com'),
	('Bale', 'Sloper', '1983-10-17', 'bsloperg1@tinypic.com'),
	('Norry', 'Krienke', '1999-06-29', 'nkrienkeg2@51.la'),
	('Ham', 'Birkenshaw', '1994-03-04', 'hbirkenshawg3@liveinternet.ru'),
	('Leonanie', 'Locock', '1982-01-15', 'llocockg4@xrea.com'),
	('Madelena', 'Roskeilly', '1996-09-11', 'mroskeillyg5@newyorker.com'),
	('Andros', 'Emmanuele', '1989-03-30', 'aemmanueleg6@pagesperso-orange.fr'),
	('Pat', 'Care', '1998-09-27', 'pcareg7@howstuffworks.com'),
	('Kettie', 'Starsmore', '2005-02-26', 'kstarsmoreg8@drupal.org'),
	('Wilmer', 'Launchbury', '1980-01-17', 'wlaunchburyg9@webmd.com'),
	('Joshuah', 'Fergus', '1990-07-02', 'jofergusga@gmpg.org'),
	('Meredithe', 'Petriello', '1998-12-15', 'mpetriellogb@forbes.com'),
	('Nikolai', 'Clementi', '1977-04-11', 'nclementigc@ucla.edu'),
	('Clemens', 'Guillot', '1998-07-19', 'cguillotgd@mac.com'),
	('Mickey', 'Cobden', '1996-04-23', 'mcobdenge@nba.com'),
	('Quintana', 'Howroyd', '1977-03-01', 'qhowroydgf@skype.com'),
	('Linnell', 'Batterson', '1979-09-28', 'lbattersongg@walmart.com'),
	('Dulcie', 'Shatliff', '2007-07-24', 'dshatliffgh@independent.co.uk'),
	('Tim', 'Bassilashvili', '2005-08-04', 'tbassilashviligi@live.com'),
	('Rahal', 'Tivnan', '1990-04-16', 'rtivnangj@paginegialle.it'),
	('Renaud', 'Burrill', '2002-08-16', 'rburrillgk@si.edu'),
	('Randi', 'Streetfield', '1993-12-01', 'rstreetfieldgl@seattletimes.com'),
	('Lindie', 'Soitoux', '2003-03-18', 'lsoitouxgm@hubpages.com'),
	('Briano', 'Dane', '2004-12-16', 'bdanegn@paginegialle.it'),
	('Wilma', 'Brownbill', '1983-06-17', 'wbrownbillgo@com.com'),
	('Crystie', 'Silwood', '2000-10-18', 'csilwoodgp@ehow.com'),
	('Tonye', 'Kuban', '2002-08-14', 'tkubangq@discovery.com'),
	('Ofilia', 'Rooze', '1998-10-17', 'oroozegr@people.com.cn'),
	('Morley', 'Reignould', '1977-08-16', 'mreignouldgs@techcrunch.com'),
	('Thalia', 'Rugge', '1992-09-02', 'truggegt@eventbrite.com'),
	('Seward', 'Malzard', '1976-02-08', 'smalzardgu@reddit.com'),
	('David', 'Tollemache', '1991-06-21', 'dtollemachegv@ed.gov'),
	('Vincenz', 'Garr', '2002-03-29', 'vgarrgw@psu.edu'),
	('Brit', 'Ren', '1997-11-25', 'brengx@geocities.com'),
	('Stella', 'Dorracott', '2005-03-23', 'sdorracottgy@edublogs.org'),
	('Myra', 'McMinn', '2005-08-17', 'mmcminngz@slideshare.net'),
	('Moria', 'Picker', '1983-08-05', 'mpickerh0@theglobeandmail.com'),
	('Valentina', 'Nichols', '1985-02-06', 'vnicholsh1@bandcamp.com'),
	('Bernetta', 'Autie', '1995-07-07', 'bautieh2@webs.com'),
	('Tessa', 'Unger', '1995-05-03', 'tungerh3@google.pl'),
	('Lauralee', 'Clell', '1999-03-16', 'lclellh4@blogtalkradio.com'),
	('Orsola', 'Hoodlass', '1992-01-15', 'ohoodlassh5@nature.com'),
	('Elsey', 'Ciobutaru', '2007-10-17', 'eciobutaruh6@guardian.co.uk'),
	('Tucker', 'Carrol', '1985-11-25', 'tocarrolh7@springer.com'),
	('Gregoire', 'Leyban', '1996-06-25', 'gleybanh8@odnoklassniki.ru'),
	('Tobie', 'Gorce', '1999-03-12', 'tgorceh9@newyorker.com'),
	('Kyla', 'Zarfati', '1996-01-01', 'kzarfatiha@squidoo.com'),
	('Ally', 'Ysson', '1975-09-04', 'ayssonhb@answers.com'),
	('Inger', 'Bickley', '1985-09-13', 'ibickleyhc@booking.com'),
	('Dinny', 'Cleeton', '1987-12-13', 'dcleetonhd@alibaba.com'),
	('Mina', 'Allabarton', '1982-05-26', 'mallabartonhe@house.gov'),
	('Magdalene', 'Vearncombe', '1994-09-01', 'mvearncombehf@newyorker.com'),
	('Monte', 'Desmond', '2002-03-30', 'mdesmondhg@hc360.com'),
	('Lev', 'Heinemann', '1996-08-02', 'lheinemannhh@163.com'),
	('Donnie', 'Wharf', '2001-02-11', 'dwharfhi@hexun.com'),
	('Linc', 'Faircloth', '2001-05-01', 'lfairclothhj@admin.ch'),
	('Maire', 'Trineman', '1988-08-19', 'mtrinemanhk@wisc.edu'),
	('Rachael', 'Robertucci', '1988-04-06', 'rrobertuccihl@sciencedaily.com'),
	('Delores', 'Murch', '1994-07-31', 'dmurchhm@google.fr'),
	('Hinda', 'Eldred', '2006-09-17', 'heldredhn@123-reg.co.uk'),
	('Louella', 'Bertl', '1983-01-19', 'lbertlho@w3.org'),
	('Kerstin', 'MacCaughen', '2003-04-09', 'kmaccaughenhp@hud.gov'),
	('Maudie', 'Marsham', '2004-03-15', 'mmarshamhq@pcworld.com'),
	('Clifford', 'Wybrew', '1989-07-27', 'cwybrewhr@uiuc.edu'),
	('Edwina', 'Pallaske', '2000-11-28', 'epallaskehs@meetup.com'),
	('Helena', 'Jeandet', '1996-01-11', 'hjeandetht@unicef.org'),
	('Robinett', 'Bonnin', '2004-11-11', 'rbonninhu@miitbeian.gov.cn'),
	('Clarence', 'Heinrich', '1975-01-12', 'cheinrichhv@shareasale.com'),
	('Jake', 'Ablott', '2004-09-19', 'jablotthw@photobucket.com'),
	('Mark', 'Sertin', '2000-11-06', 'msertinhx@devhub.com'),
	('Georgia', 'Popplewell', '1992-03-12', 'gpopplewellhy@php.net'),
	('Carry', 'Vasyukhichev', '1989-04-26', 'cvasyukhichevhz@ftc.gov'),
	('Frederick', 'Poulton', '1978-11-30', 'fpoultoni0@wired.com'),
	('Heinrick', 'Styan', '2006-11-29', 'hstyani1@state.gov'),
	('Gigi', 'Eicheler', '1995-08-10', 'geicheleri2@over-blog.com'),
	('Gabriella', 'Stallion', '1978-09-16', 'gstallioni3@stumbleupon.com'),
	('Lance', 'Dello', '2003-03-31', 'ldelloi4@moonfruit.com'),
	('Elana', 'Lomb', '1992-01-26', 'elombi5@angelfire.com'),
	('Nate', 'de Clercq', '1978-08-04', 'ndeclercqi6@china.com.cn'),
	('Lucais', 'Calderbank', '1978-06-03', 'lcalderbanki7@vistaprint.com'),
	('Davina', 'Grady', '1975-07-08', 'dogradyi8@theguardian.com'),
	('Bear', 'Dangerfield', '1978-05-03', 'bdangerfieldi9@rakuten.co.jp'),
	('Alic', 'Dormer', '2004-01-01', 'adormeria@mediafire.com'),
	('Reid', 'Chetwynd', '1987-02-13', 'rchetwyndib@accuweather.com'),
	('Jerome', 'Verty', '1981-11-29', 'jvertyic@blinklist.com'),
	('Kippie', 'Micklem', '1985-08-18', 'kmicklemid@senate.gov'),
	('Debbie', 'Rault', '2000-11-27', 'draultie@oaic.gov.au'),
	('Lynna', 'Havard', '2002-07-09', 'lhavardif@dell.com'),
	('Sim', 'Exrol', '2001-01-20', 'sexrolig@dailymotion.com'),
	('Jarib', 'Cowey', '2006-11-15', 'jcoweyih@ft.com'),
	('Myrah', 'Scandall', '2003-08-27', 'moscandallii@github.io'),
	('Ola', 'Brewood', '1982-02-17', 'obrewoodij@aboutads.info'),
	('Mildrid', 'Straun', '2003-09-17', 'mstraunik@scribd.com'),
	('Elihu', 'Clouston', '1996-10-16', 'ecloustonil@goo.gl'),
	('Den', 'Proppers', '2000-09-27', 'dproppersim@meetup.com'),
	('Carolee', 'Linstead', '1984-06-06', 'clinsteadin@tripod.com'),
	('Sybila', 'Anster', '1989-03-12', 'sansterio@purevolume.com'),
	('Quillan', 'Baudic', '1993-05-04', 'qbaudicip@typepad.com'),
	('Melisse', 'Boate', '1996-08-02', 'mboateiq@reverbnation.com'),
	('Rianon', 'Dwelly', '2006-10-01', 'rdwellyir@google.nl'),
	('Nadya', 'Caunt', '1997-12-14', 'ncauntis@guardian.co.uk'),
	('Wendall', 'Gunningham', '1997-03-27', 'wgunninghamit@va.gov'),
	('Mile', 'Mityashev', '1995-04-28', 'mmityasheviu@gmpg.org'),
	('Trina', 'Klazenga', '1998-04-22', 'tklazengaiv@surveymonkey.com'),
	('Deni', 'Britch', '1980-06-25', 'dbritchiw@thetimes.co.uk'),
	('Dru', 'Witty', '1986-10-30', 'dwittyix@aol.com'),
	('Viole', 'Dunnan', '1994-06-12', 'vdunnaniy@reuters.com'),
	('Arabela', 'Butteris', '1992-09-12', 'abutterisiz@google.co.uk'),
	('Bidget', 'Lilburn', '1998-11-12', 'blilburnj0@adobe.com'),
	('Noellyn', 'Giannotti', '2007-10-30', 'ngiannottij1@slashdot.org'),
	('Michelina', 'Hayth', '1981-08-09', 'mhaythj2@blogs.com'),
	('Erena', 'Menhenitt', '2005-06-24', 'emenhenittj3@privacy.gov.au'),
	('Rey', 'McKerton', '2003-10-26', 'rmckertonj4@cargocollective.com'),
	('Rowe', 'Peacock', '2005-08-09', 'rpeacockj5@freewebs.com'),
	('Welby', 'Ferri', '1999-11-08', 'wferrij6@free.fr'),
	('Gustav', 'Mathiassen', '2001-08-01', 'gmathiassenj7@mlb.com'),
	('Judah', 'Jimmison', '1980-07-28', 'jjimmisonj8@dailymotion.com'),
	('Donnie', 'Cuthill', '1996-11-05', 'dcuthillj9@sohu.com'),
	('Casi', 'Peevor', '1986-02-26', 'cpeevorja@wp.com'),
	('Gus', 'Farran', '2003-01-13', 'gfarranjb@etsy.com'),
	('Ambros', 'Eastlake', '1990-10-31', 'aeastlakejc@shutterfly.com'),
	('Murvyn', 'Baroch', '1994-10-10', 'mbarochjd@360.cn'),
	('Manny', 'Litton', '1996-12-19', 'mlittonje@go.com'),
	('Blisse', 'Trippick', '1988-01-12', 'btrippickjf@upenn.edu')
;

-- insercion de datos en CUSTOMIZATIONS
INSERT INTO CUSTOMIZATIONS (custom_type)
VALUES
	('Name Printed'),
    ('Embroidery'),
    ('Laser Engraving'),
    ('No_Custom')
;

INSERT INTO PROD_CATEG (category)
VALUES
	('Running'),
    ('Deportivas'),
    ('Urbanas')
;

-- insercion de datos en PROD_COLOUR
INSERT INTO PROD_COLOUR (colour)
VALUES
    ('Blue'),
    ('White'),
    ('Black'),
    ('Green'),
    ('Red')
;

-- insercion de datos en PROD_SIZE
INSERT INTO PROD_SIZE (size)
VALUES
    (39),
    (40),
    (41),
    (42)
;

-- insercion de datos en TIME_DELIVERY
INSERT INTO TIME_DELIVERY (id_time_del, time_del_type)
VALUES
	(1, 'Standard'),
    (2, 'Fast')
;

INSERT INTO PRODUCTS (stock, price, id_size, id_colour, id_prod_categ)
VALUES
	(20, 48698.65, 1, 1, 1),
	(9, 81861.09, 1, 1, 2),
	(13, 50826.42, 1, 1, 3),
	(17, 63292.73, 1, 2, 1),
	(22, 59346.31, 1, 2, 2),
	(23, 79896.41, 1, 2, 3),
	(7, 64977.81, 1, 3, 1),
	(24, 54367.69, 1, 3, 2),
	(12, 84049.13, 1, 3, 3),
	(10, 50198.6, 1, 4, 1),
	(9, 56064.05, 1, 4, 2),
	(27, 54263.16, 1, 4, 3),
	(1, 67157.11, 1, 5, 1),
	(27, 50497.16, 1, 5, 2),
	(15, 74310.11, 1, 5, 3),
	(15, 73554.76, 2, 1, 1),
	(17, 47141.75, 2, 1, 2),
	(11, 77538.98, 2, 1, 3),
	(7, 82460.21, 2, 2, 1),
	(27, 59816.71, 2, 2, 2),
	(26, 50914.8, 2, 2, 3),
	(22, 81657.77, 2, 3, 1),
	(24, 64693.07, 2, 3, 2),
	(7, 96375.23, 2, 3, 3),
	(17, 68817.21, 2, 4, 1),
	(5, 69613.14, 2, 4, 2),
	(17, 90223.99, 2, 4, 3),
	(9, 92183.5, 2, 5, 1),
	(24, 52987.04, 2, 5, 2),
	(14, 77637.11, 2, 5, 3),
	(16, 48308.23, 3, 1, 1),
	(25, 60479.61, 3, 1, 2),
	(3, 66508.57, 3, 1, 3),
	(29, 51554.97, 3, 2, 1),
	(1, 62733.54, 3, 2, 2),
	(13, 72294.35, 3, 2, 3),
	(16, 51851.97, 3, 3, 1),
	(22, 52490.34, 3, 3, 2),
	(3, 84691.88, 3, 3, 3),
	(10, 65485.93, 3, 4, 1),
	(13, 57723.18, 3, 4, 2),
	(30, 47395.6, 3, 4, 3),
	(29, 48814.07, 3, 5, 1),
	(20, 54456.14, 3, 5, 2),
	(10, 64769.6, 3, 5, 3),
	(6, 84278.17, 4, 1, 1),
	(22, 89570.09, 4, 1, 2),
	(22, 75886.88, 4, 1, 3),
	(25, 60403.57, 4, 2, 1),
	(28, 89849.75, 4, 2, 2),
	(27, 74490.42, 4, 2, 3),
	(0, 91977.29, 4, 3, 1),
	(3, 76682.9, 4, 3, 2),
	(1, 98307.65, 4, 3, 3),
	(15, 95480.27, 4, 4, 1),
	(14, 88101.97, 4, 4, 2),
	(12, 66945.48, 4, 4, 3),
	(12, 46348.81, 4, 5, 1),
	(8, 58287.89, 4, 5, 2),
	(3, 66400.89, 4, 5, 3)
;

INSERT INTO ORDERS (id_customer, date, id_branch, id_time_del)
VALUES
	(373, '2024-08-11 05:49', 2, 2),
	(459, '2023-01-08 06:31', 5, 1),
	(49, '2023-04-19 00:56', 1, 1),
	(664, '2024-06-15 22:26', 4, 1),
	(659, '2023-05-11 08:53', 1, 2),
	(643, '2023-04-09 14:53', 1, 1),
	(502, '2023-12-24 11:45', 2, 1),
	(53, '2023-11-24 22:04', 4, 2),
	(39, '2024-06-30 17:42', 2, 2),
	(344, '2025-03-31 00:46', 3, 1),
	(623, '2024-01-03 23:38', 4, 1),
	(44, '2023-02-22 05:54', 1, 1),
	(536, '2024-08-04 05:44', 4, 2),
	(496, '2025-01-29 09:50', 4, 1),
	(533, '2023-02-11 18:23', 4, 2),
	(587, '2023-02-10 01:40', 5, 2),
	(249, '2024-02-07 15:28', 5, 2),
	(505, '2024-03-04 02:58', 4, 2),
	(429, '2023-11-08 07:59', 3, 2),
	(94, '2023-03-12 00:32', 1, 1),
	(201, '2023-02-14 11:15', 2, 2),
	(117, '2024-10-03 22:54', 5, 1),
	(24, '2024-07-31 05:31', 4, 1),
	(386, '2024-05-02 19:33', 2, 2),
	(499, '2023-12-25 11:35', 2, 2),
	(32, '2023-11-26 03:09', 5, 1),
	(482, '2025-04-01 23:59', 3, 2),
	(545, '2023-04-23 23:17', 1, 2),
	(120, '2024-03-28 10:52', 5, 1),
	(554, '2023-01-06 07:15', 3, 1),
	(71, '2023-10-31 16:02', 3, 2),
	(196, '2023-09-14 14:32', 5, 1),
	(515, '2023-03-21 13:02', 2, 1),
	(183, '2023-11-01 18:45', 2, 2),
	(191, '2024-10-16 18:09', 2, 1),
	(392, '2025-03-26 14:40', 3, 2),
	(679, '2025-03-02 21:39', 5, 1),
	(31, '2023-01-13 21:07', 4, 1),
	(585, '2024-07-13 20:46', 4, 2),
	(515, '2025-01-12 02:52', 3, 1),
	(540, '2023-06-26 04:53', 5, 2),
	(603, '2023-05-14 01:05', 2, 1),
	(514, '2023-10-07 23:31', 2, 1),
	(346, '2024-06-26 07:01', 3, 1),
	(90, '2023-08-02 08:14', 2, 2),
	(655, '2025-03-11 19:04', 5, 1),
	(317, '2024-10-20 20:29', 1, 2),
	(563, '2024-07-30 00:42', 5, 2),
	(361, '2025-02-01 05:41', 3, 2),
	(118, '2025-03-07 10:26', 1, 1),
	(70, '2025-01-09 06:59', 3, 1),
	(486, '2024-03-16 20:48', 1, 1),
	(227, '2024-10-23 13:11', 4, 2),
	(357, '2023-08-04 05:06', 4, 1),
	(690, '2024-07-23 22:09', 3, 2),
	(58, '2023-05-30 09:03', 3, 2),
	(654, '2024-12-11 06:53', 5, 2),
	(122, '2023-01-11 04:29', 1, 1),
	(498, '2023-05-26 23:57', 3, 2),
	(181, '2024-03-22 17:26', 2, 2),
	(166, '2023-05-11 11:29', 2, 1),
	(499, '2023-07-16 21:51', 4, 1),
	(564, '2025-03-22 12:34', 3, 1),
	(383, '2024-11-06 10:48', 3, 2),
	(566, '2025-01-01 06:24', 1, 1),
	(267, '2023-06-30 03:39', 3, 1),
	(163, '2024-05-18 13:50', 2, 2),
	(585, '2025-04-19 15:36', 4, 2),
	(378, '2025-01-05 05:15', 5, 1),
	(524, '2023-01-04 11:12', 4, 2),
	(311, '2024-02-21 19:36', 1, 2),
	(666, '2024-04-13 12:13', 2, 1),
	(171, '2023-10-11 16:27', 2, 2),
	(554, '2023-04-04 00:17', 5, 2),
	(386, '2023-05-13 22:34', 5, 2),
	(357, '2024-09-27 03:42', 1, 1),
	(243, '2024-12-01 16:08', 5, 2),
	(232, '2023-07-04 12:22', 5, 2),
	(98, '2023-01-27 02:56', 4, 2),
	(311, '2024-03-12 03:14', 4, 2),
	(34, '2023-02-05 07:22', 1, 1),
	(642, '2025-02-10 23:17', 3, 1),
	(336, '2024-05-05 18:40', 5, 2),
	(40, '2023-11-16 09:25', 2, 1),
	(493, '2023-08-22 07:12', 2, 1),
	(336, '2024-11-21 13:47', 5, 2),
	(241, '2024-12-04 16:51', 5, 2),
	(227, '2023-06-28 21:26', 5, 1),
	(300, '2023-01-25 13:21', 1, 2),
	(326, '2023-10-12 10:54', 2, 1),
	(201, '2024-09-02 09:12', 5, 1),
	(211, '2023-04-16 12:40', 2, 2),
	(597, '2024-05-23 05:31', 1, 1),
	(353, '2023-08-28 13:42', 4, 1),
	(255, '2023-07-27 08:00', 1, 1),
	(609, '2023-04-19 18:04', 3, 1),
	(482, '2024-06-07 09:18', 3, 1),
	(216, '2024-12-25 11:20', 5, 1),
	(575, '2024-11-25 18:38', 2, 2),
	(209, '2023-04-17 20:40', 1, 1),
	(342, '2024-08-09 22:11', 3, 1),
	(468, '2024-12-25 05:16', 4, 2),
	(388, '2023-02-01 21:33', 4, 1),
	(697, '2024-06-04 12:42', 3, 1),
	(588, '2023-05-31 04:34', 3, 2),
	(605, '2024-08-20 00:19', 5, 1),
	(363, '2023-07-18 04:09', 5, 2),
	(47, '2023-11-21 10:29', 4, 1),
	(382, '2024-09-27 01:35', 3, 1),
	(444, '2023-02-14 22:09', 1, 2),
	(195, '2024-06-07 14:56', 4, 1),
	(343, '2023-03-02 06:16', 2, 1),
	(478, '2023-09-08 09:08', 5, 2),
	(265, '2024-10-03 01:44', 4, 2),
	(665, '2023-02-22 17:29', 3, 1),
	(366, '2024-06-04 18:16', 3, 2),
	(292, '2024-08-02 23:57', 2, 2),
	(5, '2024-02-22 14:21', 3, 2),
	(8, '2024-01-02 23:27', 3, 2),
	(245, '2025-03-21 18:59', 1, 2),
	(251, '2025-02-24 20:47', 5, 2),
	(293, '2023-01-12 13:47', 4, 1),
	(339, '2023-05-12 14:36', 1, 1),
	(591, '2023-12-15 20:04', 1, 1),
	(410, '2023-02-24 13:13', 4, 1),
	(65, '2023-07-04 06:29', 3, 2),
	(233, '2024-12-14 07:47', 2, 1),
	(615, '2025-02-04 03:31', 5, 1),
	(577, '2023-04-15 01:39', 2, 1),
	(382, '2024-05-26 15:20', 5, 1),
	(369, '2024-02-23 20:10', 2, 1),
	(212, '2024-06-19 20:08', 1, 1),
	(560, '2023-09-11 22:38', 3, 1),
	(216, '2023-03-01 14:08', 3, 2),
	(129, '2024-04-14 03:40', 1, 2),
	(455, '2025-04-11 01:36', 1, 2),
	(457, '2023-07-28 23:47', 5, 2),
	(500, '2024-03-08 08:13', 2, 2),
	(98, '2024-01-03 19:12', 3, 1),
	(117, '2023-01-17 06:27', 5, 2),
	(162, '2023-08-04 10:20', 3, 1),
	(504, '2023-07-23 05:22', 4, 2),
	(470, '2024-01-03 16:21', 4, 1),
	(24, '2024-04-20 03:06', 3, 2),
	(199, '2025-04-04 07:05', 2, 1),
	(176, '2024-03-11 15:03', 4, 2),
	(507, '2023-08-05 18:51', 3, 1),
	(284, '2023-08-09 06:44', 1, 2),
	(492, '2023-09-01 14:46', 5, 1),
	(622, '2023-08-26 11:20', 3, 1),
	(29, '2024-11-14 12:31', 1, 2),
	(284, '2025-02-04 15:32', 5, 2),
	(123, '2023-06-06 12:25', 5, 1),
	(121, '2023-12-16 14:58', 1, 2),
	(392, '2024-09-19 17:03', 5, 2),
	(590, '2024-11-05 13:44', 1, 1),
	(349, '2023-09-05 19:38', 3, 2),
	(446, '2024-10-06 17:36', 1, 1),
	(607, '2023-07-28 07:33', 3, 1),
	(673, '2023-05-04 03:25', 4, 1),
	(71, '2024-12-04 07:09', 4, 1),
	(185, '2024-03-22 12:34', 2, 1),
	(657, '2025-03-09 17:38', 5, 1),
	(153, '2023-11-28 04:38', 4, 1),
	(598, '2023-10-15 06:09', 2, 2),
	(625, '2023-05-02 05:55', 2, 2),
	(141, '2024-04-26 18:32', 2, 2),
	(460, '2024-06-29 06:28', 3, 2),
	(142, '2024-10-07 17:19', 3, 1),
	(289, '2024-05-10 08:38', 4, 2),
	(460, '2023-10-08 03:28', 1, 1),
	(638, '2023-04-04 07:59', 4, 2),
	(331, '2024-02-25 03:29', 5, 2),
	(225, '2023-07-26 02:46', 4, 1),
	(204, '2024-05-08 05:19', 1, 2),
	(636, '2025-03-26 03:00', 4, 2),
	(254, '2023-07-15 17:38', 1, 1),
	(414, '2024-10-31 12:14', 1, 1),
	(260, '2024-12-30 10:59', 2, 2),
	(298, '2024-04-14 06:32', 1, 1),
	(228, '2023-12-04 18:31', 3, 2),
	(401, '2024-11-10 09:03', 4, 1),
	(224, '2023-03-26 15:46', 2, 2),
	(675, '2023-06-22 08:08', 5, 2),
	(567, '2023-03-20 18:55', 1, 1),
	(25, '2023-10-04 18:48', 5, 2),
	(82, '2024-06-26 04:12', 3, 1),
	(607, '2025-02-08 22:59', 4, 2),
	(695, '2023-12-21 08:01', 3, 2),
	(394, '2023-07-13 05:08', 4, 2),
	(438, '2024-11-17 04:05', 5, 2),
	(680, '2024-06-13 13:00', 4, 1),
	(489, '2023-04-26 18:35', 2, 1),
	(386, '2024-07-01 09:36', 2, 2),
	(433, '2023-11-01 03:20', 2, 1),
	(60, '2024-09-07 21:40', 3, 1),
	(264, '2024-04-23 12:46', 4, 2),
	(485, '2024-06-26 16:09', 1, 2),
	(63, '2023-10-06 01:42', 1, 1),
	(69, '2023-02-28 22:38', 5, 1),
	(420, '2024-01-31 14:56', 2, 1),
	(188, '2023-10-03 22:39', 1, 1),
	(318, '2023-01-16 18:41', 4, 2),
	(94, '2023-10-25 15:23', 2, 2),
	(649, '2024-10-16 20:43', 4, 2),
	(150, '2024-03-02 03:32', 5, 1),
	(332, '2024-04-09 16:52', 3, 2),
	(186, '2023-03-13 00:11', 5, 1),
	(341, '2023-04-18 14:47', 4, 2),
	(82, '2023-08-19 05:10', 3, 2),
	(4, '2024-12-27 14:09', 1, 2),
	(644, '2024-11-01 14:02', 3, 1),
	(39, '2024-11-18 06:22', 3, 2),
	(305, '2025-04-28 04:12', 4, 2),
	(3, '2025-01-10 19:55', 3, 1),
	(263, '2023-08-05 08:40', 4, 2),
	(107, '2024-04-06 14:54', 4, 1),
	(267, '2024-03-18 11:59', 5, 2),
	(670, '2024-02-15 17:19', 2, 1),
	(187, '2024-12-05 22:15', 5, 1),
	(601, '2024-10-16 07:26', 1, 1),
	(206, '2024-09-05 14:13', 4, 2),
	(90, '2024-08-03 17:47', 3, 1),
	(603, '2025-04-03 03:10', 5, 2),
	(130, '2023-02-11 19:30', 1, 2),
	(503, '2025-01-24 07:22', 5, 2),
	(452, '2023-07-24 17:24', 3, 1),
	(176, '2025-01-22 19:45', 4, 2),
	(424, '2023-07-20 02:42', 4, 1),
	(356, '2024-02-26 03:23', 1, 2),
	(64, '2024-01-15 01:26', 1, 1),
	(616, '2024-01-06 22:22', 3, 2),
	(82, '2023-12-14 22:06', 4, 1),
	(182, '2024-07-24 02:36', 3, 1),
	(240, '2023-03-21 03:06', 3, 2),
	(234, '2024-03-08 17:48', 4, 2),
	(114, '2023-04-18 23:52', 4, 2),
	(376, '2024-04-21 08:56', 1, 1),
	(683, '2024-11-30 07:04', 5, 1),
	(72, '2025-02-16 21:27', 5, 2),
	(115, '2024-05-05 01:53', 5, 1),
	(290, '2023-09-25 14:41', 4, 2),
	(577, '2024-10-06 14:08', 5, 1),
	(518, '2024-12-29 08:29', 1, 1),
	(540, '2023-12-27 20:31', 4, 1),
	(331, '2024-12-21 01:02', 2, 1),
	(449, '2024-01-20 00:04', 4, 1),
	(243, '2024-12-06 21:40', 4, 2),
	(646, '2023-04-02 23:03', 4, 1),
	(659, '2023-07-20 07:44', 1, 1),
	(124, '2024-02-05 17:40', 4, 1),
	(220, '2024-03-14 11:44', 5, 2),
	(411, '2024-02-03 05:19', 3, 2),
	(492, '2023-03-22 12:40', 5, 2),
	(88, '2023-09-13 22:35', 2, 1),
	(585, '2023-12-28 07:20', 5, 2),
	(65, '2024-03-23 05:25', 5, 2),
	(170, '2023-09-08 08:02', 3, 1),
	(37, '2024-11-23 09:29', 4, 2),
	(561, '2024-10-22 01:46', 1, 1),
	(49, '2025-03-08 02:55', 1, 1),
	(329, '2024-09-25 02:52', 3, 1),
	(370, '2024-05-24 14:09', 3, 2),
	(395, '2024-09-28 09:56', 1, 2),
	(437, '2024-03-07 11:08', 3, 1),
	(77, '2023-05-30 22:13', 5, 1),
	(498, '2023-11-14 17:25', 3, 1),
	(437, '2024-06-18 10:08', 2, 2),
	(385, '2024-04-16 09:03', 1, 2),
	(146, '2024-07-20 19:45', 2, 1),
	(409, '2024-07-03 08:58', 3, 2),
	(295, '2024-08-24 16:13', 4, 1),
	(550, '2023-01-26 13:16', 2, 2),
	(269, '2024-08-23 15:32', 2, 1),
	(180, '2024-07-13 22:02', 2, 2),
	(118, '2025-02-13 06:59', 5, 2),
	(480, '2024-08-01 13:12', 5, 1),
	(394, '2023-10-19 16:54', 1, 1),
	(533, '2023-06-08 20:18', 4, 1),
	(438, '2024-09-02 10:00', 5, 1),
	(163, '2024-09-08 06:49', 4, 1),
	(347, '2025-03-18 05:20', 4, 1),
	(569, '2023-10-05 05:56', 4, 1),
	(535, '2023-03-10 05:55', 4, 1),
	(139, '2024-07-01 10:28', 5, 1),
	(562, '2023-04-16 10:41', 1, 2),
	(264, '2023-02-10 12:17', 5, 2),
	(603, '2024-02-04 14:08', 4, 1),
	(483, '2023-01-26 21:53', 2, 2),
	(496, '2024-11-29 05:44', 5, 1),
	(475, '2023-11-28 10:08', 3, 2),
	(679, '2024-05-01 00:15', 2, 2),
	(683, '2023-09-21 12:55', 4, 2),
	(630, '2025-01-04 00:35', 5, 1),
	(387, '2024-04-27 13:55', 4, 2),
	(126, '2024-03-09 04:24', 3, 2),
	(98, '2023-07-19 12:56', 5, 1),
	(510, '2023-04-05 14:30', 4, 1),
	(64, '2024-03-07 12:08', 1, 2),
	(432, '2024-06-04 16:49', 4, 2),
	(485, '2024-08-28 07:50', 1, 1),
	(391, '2024-06-10 23:50', 5, 1),
	(59, '2023-02-06 06:55', 4, 2),
	(85, '2023-04-24 18:04', 4, 2),
	(166, '2024-06-28 23:48', 4, 1),
	(404, '2024-08-21 15:31', 3, 1),
	(425, '2024-09-13 21:55', 2, 2),
	(333, '2024-01-11 07:24', 3, 1),
	(89, '2024-11-03 21:07', 3, 1),
	(442, '2023-08-03 15:54', 5, 1),
	(508, '2025-04-17 03:12', 3, 1),
	(118, '2025-04-23 08:44', 3, 1),
	(15, '2025-02-14 22:02', 2, 1),
	(214, '2024-12-30 13:54', 2, 1),
	(151, '2023-07-22 11:43', 2, 2),
	(697, '2025-01-20 21:14', 1, 1),
	(340, '2024-09-11 09:58', 3, 2),
	(145, '2024-05-08 14:35', 2, 1),
	(44, '2024-08-28 10:02', 4, 2),
	(142, '2024-03-24 13:21', 5, 1),
	(407, '2023-06-13 00:23', 4, 2),
	(395, '2024-01-24 05:06', 5, 2),
	(499, '2023-05-25 11:10', 3, 1),
	(679, '2024-04-11 09:29', 5, 1),
	(327, '2023-01-10 04:04', 2, 1),
	(258, '2023-12-25 23:06', 1, 1),
	(591, '2023-04-05 21:00', 5, 2),
	(583, '2023-05-15 06:33', 3, 2),
	(685, '2023-07-25 22:17', 2, 1),
	(672, '2025-03-31 15:24', 3, 2),
	(627, '2024-06-03 16:05', 4, 1),
	(237, '2024-01-19 10:19', 4, 1),
	(76, '2024-07-18 10:25', 4, 1),
	(311, '2023-03-25 00:39', 5, 1),
	(188, '2023-05-26 01:29', 2, 1),
	(129, '2023-06-02 01:53', 3, 1),
	(103, '2025-01-09 18:15', 4, 1),
	(572, '2023-09-13 21:43', 1, 1),
	(333, '2023-11-08 11:06', 1, 2),
	(56, '2024-03-05 14:43', 1, 1),
	(9, '2023-09-18 09:35', 3, 1),
	(68, '2024-04-08 14:49', 5, 2),
	(363, '2024-09-19 20:46', 4, 1),
	(626, '2023-07-20 14:07', 2, 2),
	(94, '2024-10-29 11:09', 4, 2),
	(652, '2024-12-05 15:02', 1, 1),
	(155, '2024-04-26 10:50', 4, 1),
	(137, '2023-01-07 16:50', 4, 1),
	(249, '2024-10-12 22:25', 2, 2),
	(105, '2024-02-18 04:20', 1, 1),
	(235, '2023-01-12 22:04', 3, 1),
	(228, '2024-09-12 14:28', 2, 1),
	(184, '2023-07-18 21:27', 3, 1),
	(572, '2023-05-19 19:21', 2, 1),
	(109, '2024-10-05 08:18', 5, 1),
	(55, '2024-07-27 18:13', 3, 2),
	(248, '2024-10-29 02:29', 2, 2),
	(19, '2024-01-27 14:04', 5, 2),
	(138, '2024-09-03 19:16', 1, 1),
	(613, '2024-05-22 08:50', 5, 1),
	(144, '2024-11-09 09:40', 3, 2),
	(187, '2024-12-02 12:41', 2, 1),
	(545, '2024-10-29 02:59', 5, 1),
	(300, '2023-08-18 17:07', 1, 1),
	(25, '2023-11-04 15:17', 5, 2),
	(463, '2024-03-20 02:58', 4, 2),
	(485, '2025-03-08 20:52', 5, 1),
	(547, '2023-05-27 09:35', 2, 2),
	(356, '2023-08-25 18:30', 5, 1),
	(451, '2024-10-20 00:51', 5, 2),
	(441, '2024-01-10 14:55', 2, 1),
	(226, '2023-12-13 01:20', 5, 2),
	(177, '2023-10-02 02:57', 5, 1),
	(487, '2023-11-28 01:09', 4, 2),
	(170, '2023-10-03 21:57', 5, 2),
	(137, '2024-08-20 23:28', 5, 1),
	(487, '2025-03-18 00:05', 5, 1),
	(514, '2024-05-09 11:31', 3, 1),
	(442, '2023-12-22 16:33', 3, 2),
	(446, '2025-04-04 19:22', 2, 1),
	(215, '2023-04-14 16:26', 1, 1),
	(77, '2023-06-03 19:28', 3, 2),
	(276, '2024-11-20 22:11', 4, 2),
	(669, '2025-03-30 02:01', 2, 1),
	(638, '2023-03-29 09:54', 3, 1),
	(133, '2024-07-27 03:47', 4, 1),
	(579, '2024-08-07 11:23', 2, 2),
	(131, '2024-07-20 00:41', 5, 2),
	(626, '2023-09-25 18:00', 1, 1),
	(392, '2024-07-12 10:33', 3, 1),
	(223, '2023-01-09 11:59', 4, 1),
	(627, '2023-01-23 21:08', 4, 2),
	(203, '2025-03-29 05:59', 3, 2),
	(29, '2024-06-06 08:33', 5, 1),
	(226, '2024-08-04 17:55', 4, 1),
	(281, '2024-02-16 06:41', 3, 2),
	(663, '2024-09-14 00:47', 5, 1),
	(43, '2025-04-10 07:31', 5, 1),
	(261, '2023-12-30 13:07', 2, 2),
	(178, '2023-12-22 05:30', 2, 1),
	(458, '2023-03-29 08:06', 2, 1),
	(377, '2023-05-22 02:00', 4, 1),
	(127, '2023-06-05 22:43', 1, 1),
	(278, '2023-11-12 13:03', 5, 2),
	(604, '2023-06-06 22:37', 2, 2),
	(133, '2025-01-22 16:21', 3, 1),
	(284, '2024-08-02 01:39', 2, 2),
	(456, '2023-05-15 04:55', 4, 2),
	(210, '2024-11-16 11:47', 4, 2),
	(602, '2023-07-21 22:08', 1, 2),
	(259, '2023-04-15 18:02', 2, 1),
	(272, '2024-08-02 02:42', 4, 2),
	(592, '2024-01-23 12:59', 1, 2),
	(434, '2024-03-03 12:51', 4, 2),
	(67, '2024-10-08 13:44', 5, 1),
	(668, '2023-04-07 04:43', 5, 1),
	(59, '2023-02-09 02:33', 1, 1),
	(501, '2025-04-28 18:49', 1, 2),
	(219, '2023-11-29 08:09', 5, 2),
	(199, '2023-04-06 01:31', 3, 2),
	(622, '2025-02-12 08:13', 4, 2),
	(592, '2023-09-14 17:15', 4, 2),
	(610, '2024-05-11 11:48', 2, 1),
	(332, '2023-08-09 13:04', 3, 1),
	(15, '2025-01-15 07:58', 5, 1),
	(456, '2023-01-27 10:44', 1, 1),
	(432, '2023-04-03 09:24', 4, 1),
	(233, '2024-06-13 21:10', 5, 2),
	(56, '2025-01-18 00:00', 2, 2),
	(330, '2025-04-15 12:37', 4, 1),
	(592, '2024-12-26 03:08', 3, 2),
	(212, '2023-12-13 17:16', 4, 2),
	(1, '2024-12-18 04:48', 3, 2),
	(50, '2024-09-29 02:31', 2, 1),
	(208, '2024-05-31 17:38', 2, 1),
	(403, '2024-09-25 14:58', 3, 1),
	(339, '2023-02-03 06:01', 5, 2),
	(98, '2024-01-18 01:20', 1, 2),
	(135, '2024-03-23 19:49', 5, 1),
	(442, '2023-09-04 09:36', 1, 1),
	(647, '2024-05-20 03:20', 2, 1),
	(305, '2023-08-13 13:23', 1, 2),
	(457, '2023-08-22 13:09', 3, 1),
	(435, '2024-04-02 15:24', 2, 1),
	(313, '2024-08-17 22:49', 4, 2),
	(481, '2025-01-20 16:46', 3, 1),
	(145, '2024-08-07 07:27', 1, 1),
	(700, '2023-02-14 22:54', 1, 1),
	(547, '2024-05-12 07:23', 3, 2),
	(396, '2024-05-12 14:30', 4, 1),
	(472, '2023-09-08 01:30', 3, 2),
	(106, '2023-05-22 10:07', 1, 1),
	(597, '2023-09-30 17:46', 5, 2),
	(526, '2024-04-25 23:51', 1, 2),
	(39, '2024-07-09 02:46', 5, 2),
	(234, '2025-01-26 19:13', 1, 2),
	(608, '2023-02-24 15:33', 4, 2),
	(316, '2023-09-02 07:44', 1, 1),
	(516, '2023-03-16 20:30', 1, 2),
	(96, '2023-07-10 17:09', 2, 2),
	(378, '2024-01-05 12:01', 5, 2),
	(93, '2024-10-28 07:58', 2, 1),
	(307, '2023-02-15 23:11', 3, 1),
	(686, '2024-11-15 21:44', 4, 2),
	(233, '2024-12-09 08:39', 1, 1),
	(141, '2024-12-01 19:15', 3, 2),
	(641, '2023-06-29 04:13', 1, 2),
	(679, '2023-05-03 13:09', 2, 2),
	(652, '2023-07-07 20:51', 5, 2),
	(462, '2025-01-20 19:12', 1, 2),
	(89, '2023-06-04 05:38', 1, 1),
	(649, '2024-01-31 09:10', 2, 1),
	(254, '2024-05-28 00:58', 1, 2),
	(366, '2023-03-13 09:09', 2, 2),
	(394, '2023-12-25 19:51', 3, 1),
	(249, '2023-04-01 22:09', 1, 1),
	(141, '2025-02-07 04:12', 5, 1),
	(144, '2024-10-07 02:45', 3, 1),
	(30, '2024-01-17 22:16', 1, 1),
	(149, '2023-04-23 05:42', 2, 1),
	(616, '2023-08-30 11:25', 3, 2),
	(390, '2024-08-02 17:20', 3, 2),
	(43, '2024-06-10 03:17', 3, 1),
	(58, '2024-07-16 02:55', 4, 2),
	(472, '2024-04-07 23:39', 2, 2),
	(334, '2025-03-13 23:43', 3, 2),
	(385, '2024-05-31 15:40', 2, 2),
	(388, '2024-10-10 21:54', 3, 1),
	(162, '2024-04-04 16:46', 4, 1),
	(25, '2024-08-23 09:33', 3, 1),
	(475, '2025-01-04 08:35', 4, 2),
	(460, '2025-03-20 18:55', 5, 1),
	(611, '2023-05-15 01:17', 2, 2),
	(383, '2023-10-16 07:15', 5, 2),
	(594, '2023-10-03 00:54', 3, 1),
	(617, '2023-05-03 19:10', 4, 1),
	(596, '2024-06-16 09:50', 1, 2),
	(81, '2025-02-25 01:29', 1, 2),
	(276, '2023-02-26 10:36', 2, 1),
	(103, '2023-06-07 05:03', 1, 1),
	(322, '2024-06-18 18:45', 2, 2),
	(530, '2023-11-13 08:09', 2, 1),
	(651, '2025-03-29 00:45', 3, 1),
	(13, '2024-01-04 04:25', 4, 1),
	(460, '2024-05-05 21:33', 2, 1),
	(164, '2024-08-17 19:56', 4, 1),
	(375, '2023-06-29 00:04', 1, 1),
	(659, '2023-08-09 07:49', 4, 2),
	(63, '2024-09-18 07:31', 3, 1),
	(328, '2024-01-08 16:06', 2, 2),
	(138, '2023-08-13 00:48', 5, 1),
	(276, '2024-12-26 10:19', 5, 1),
	(590, '2024-02-13 01:45', 3, 1),
	(27, '2023-01-12 02:46', 5, 1),
	(497, '2023-02-27 05:48', 5, 2),
	(628, '2024-06-21 10:56', 4, 1),
	(609, '2023-12-02 08:08', 1, 1),
	(36, '2024-02-10 03:18', 2, 2),
	(273, '2023-11-13 18:43', 5, 2),
	(175, '2024-10-31 23:14', 5, 2),
	(132, '2023-02-25 13:28', 2, 2),
	(246, '2024-06-13 01:11', 4, 2),
	(32, '2023-02-13 19:15', 2, 2),
	(218, '2024-06-16 22:15', 3, 2),
	(468, '2024-04-06 00:34', 2, 1),
	(476, '2023-06-17 23:27', 1, 2),
	(287, '2024-12-16 17:03', 3, 2),
	(69, '2024-04-23 01:16', 1, 1),
	(422, '2025-03-20 12:52', 3, 2),
	(517, '2024-07-05 05:31', 4, 1),
	(592, '2024-03-11 16:00', 4, 2),
	(681, '2023-06-07 11:11', 4, 2),
	(186, '2023-02-17 07:52', 5, 1),
	(566, '2024-04-29 08:43', 4, 1),
	(158, '2025-01-24 03:37', 1, 2),
	(350, '2023-04-01 19:30', 1, 1),
	(414, '2024-04-07 15:04', 1, 1),
	(203, '2025-01-24 12:33', 2, 1),
	(458, '2024-05-22 17:20', 1, 2),
	(580, '2023-05-07 22:47', 3, 2),
	(450, '2024-06-21 10:44', 1, 1),
	(213, '2024-05-06 10:06', 5, 2),
	(320, '2024-09-01 09:22', 1, 1),
	(68, '2024-11-15 01:09', 5, 1),
	(370, '2023-04-02 14:18', 1, 2),
	(666, '2023-03-31 08:14', 1, 1),
	(263, '2024-03-31 17:44', 2, 1),
	(184, '2023-10-20 17:56', 3, 1),
	(58, '2024-05-22 11:29', 1, 2),
	(685, '2025-03-25 06:34', 4, 2),
	(531, '2025-04-18 16:42', 3, 1),
	(66, '2023-07-29 05:16', 5, 2),
	(204, '2023-08-28 23:10', 5, 1),
	(146, '2023-12-25 06:18', 2, 1),
	(492, '2024-05-01 16:15', 4, 2),
	(153, '2024-09-01 16:43', 1, 1),
	(266, '2024-07-16 21:10', 1, 2),
	(208, '2024-12-31 13:58', 3, 1),
	(41, '2025-01-03 21:35', 4, 1),
	(71, '2023-07-12 18:25', 1, 1),
	(217, '2024-06-08 11:06', 2, 2),
	(186, '2025-04-25 21:37', 4, 2),
	(192, '2024-02-10 00:05', 2, 1),
	(575, '2025-04-02 15:20', 2, 1),
	(220, '2023-08-10 02:46', 3, 2),
	(422, '2024-09-10 17:09', 4, 1),
	(423, '2024-06-22 18:39', 3, 1),
	(254, '2023-10-01 20:14', 5, 2),
	(482, '2023-04-28 02:19', 2, 1),
	(354, '2024-12-26 01:24', 2, 1),
	(328, '2025-03-08 08:39', 3, 1),
	(278, '2024-08-06 17:42', 4, 1),
	(496, '2023-06-29 19:27', 3, 2),
	(35, '2025-04-13 02:21', 1, 1),
	(305, '2023-11-11 11:45', 1, 1),
	(448, '2023-09-03 08:31', 1, 1),
	(118, '2024-09-19 09:54', 1, 2),
	(300, '2024-01-24 12:33', 2, 2),
	(54, '2023-11-26 19:14', 1, 1),
	(92, '2024-10-11 00:04', 2, 1),
	(214, '2024-03-25 05:45', 3, 1),
	(677, '2023-08-29 11:36', 3, 2),
	(270, '2024-04-02 18:35', 1, 2),
	(472, '2023-05-19 11:00', 4, 1),
	(670, '2024-06-20 04:51', 4, 2),
	(476, '2024-10-01 02:07', 4, 1),
	(99, '2023-06-19 21:25', 4, 1),
	(544, '2024-08-26 11:01', 5, 2),
	(232, '2023-10-10 01:25', 5, 1),
	(148, '2023-03-25 16:49', 3, 2),
	(81, '2023-04-18 20:26', 1, 1),
	(649, '2024-05-09 20:06', 3, 1),
	(338, '2023-04-02 07:50', 2, 2),
	(309, '2024-06-08 06:25', 1, 2),
	(241, '2024-07-07 10:11', 5, 2),
	(642, '2024-12-19 07:15', 5, 2),
	(372, '2024-08-03 01:28', 3, 1),
	(248, '2024-12-13 01:39', 3, 2),
	(137, '2024-12-21 17:57', 5, 1),
	(492, '2023-01-16 07:55', 2, 1),
	(45, '2023-08-27 05:51', 3, 2),
	(387, '2023-05-16 23:26', 2, 2),
	(26, '2024-04-28 07:02', 2, 2),
	(358, '2024-08-28 13:11', 1, 1),
	(111, '2023-03-07 07:27', 3, 2),
	(463, '2023-06-29 23:43', 3, 1),
	(36, '2024-12-16 18:20', 2, 2),
	(446, '2023-11-04 08:17', 2, 1),
	(665, '2023-07-22 22:57', 5, 2),
	(99, '2023-10-21 22:11', 1, 1),
	(65, '2023-11-20 09:23', 4, 1),
	(465, '2024-07-13 04:01', 2, 2),
	(601, '2025-03-08 20:17', 2, 1),
	(300, '2023-03-26 22:18', 1, 2),
	(653, '2023-01-05 17:51', 5, 1),
	(35, '2023-07-30 13:19', 3, 1),
	(414, '2023-08-15 12:23', 4, 1),
	(323, '2023-09-20 03:52', 4, 2),
	(471, '2023-10-04 05:50', 4, 2),
	(395, '2024-02-19 14:02', 2, 1),
	(151, '2024-10-21 18:52', 5, 2),
	(555, '2024-06-23 12:51', 2, 2),
	(551, '2023-10-11 06:09', 1, 2),
	(71, '2024-07-19 12:58', 5, 2),
	(18, '2024-08-15 10:50', 3, 1),
	(669, '2023-10-18 16:08', 3, 2),
	(471, '2023-05-18 18:30', 2, 1),
	(666, '2024-03-10 03:36', 3, 1),
	(5, '2023-01-24 06:49', 3, 2),
	(687, '2024-01-25 06:49', 2, 1),
	(129, '2024-07-10 23:05', 4, 1),
	(81, '2024-11-13 21:56', 4, 2),
	(419, '2024-06-03 18:26', 4, 1),
	(619, '2024-09-17 03:36', 1, 2),
	(533, '2023-02-19 02:51', 5, 1),
	(126, '2023-12-21 04:31', 2, 1),
	(360, '2023-04-24 14:39', 5, 2),
	(677, '2024-05-27 08:52', 5, 1),
	(435, '2023-03-06 01:23', 4, 2),
	(660, '2024-01-11 02:04', 2, 1),
	(174, '2024-09-11 05:09', 3, 1),
	(190, '2024-10-05 20:31', 2, 1),
	(577, '2023-02-23 04:58', 4, 2),
	(127, '2024-09-09 08:09', 2, 1),
	(480, '2024-10-19 09:45', 1, 1),
	(37, '2024-07-12 00:49', 4, 1),
	(241, '2024-12-10 14:45', 2, 1),
	(369, '2024-04-12 09:17', 1, 2),
	(252, '2023-03-06 09:08', 1, 1),
	(161, '2023-08-10 06:46', 2, 2),
	(562, '2024-07-25 21:59', 2, 1),
	(69, '2024-10-03 13:59', 1, 2),
	(432, '2024-06-12 17:47', 4, 1),
	(419, '2025-03-05 00:44', 3, 2),
	(147, '2024-04-15 07:00', 2, 1),
	(416, '2025-04-19 13:10', 3, 2),
	(441, '2023-01-10 14:09', 4, 1),
	(53, '2023-03-09 16:03', 4, 2),
	(379, '2024-06-18 11:35', 5, 1),
	(97, '2023-10-10 05:32', 5, 1),
	(561, '2023-02-26 16:35', 2, 2),
	(402, '2025-03-15 12:43', 1, 1),
	(316, '2023-12-31 09:00', 5, 2),
	(265, '2023-08-18 14:56', 2, 2),
	(123, '2025-03-06 20:55', 2, 1),
	(510, '2023-11-27 18:44', 1, 1),
	(337, '2023-11-06 06:48', 1, 2),
	(173, '2024-01-07 13:35', 1, 2),
	(366, '2023-02-16 05:35', 5, 1),
	(675, '2023-06-19 14:56', 3, 1),
	(100, '2023-04-27 14:05', 3, 2),
	(162, '2024-05-23 21:47', 3, 1),
	(624, '2023-02-15 04:34', 4, 2),
	(322, '2024-12-07 21:03', 4, 1),
	(611, '2024-11-24 03:23', 2, 1),
	(631, '2025-01-12 06:55', 1, 1),
	(350, '2023-07-27 02:00', 1, 1),
	(601, '2023-01-16 17:34', 4, 2),
	(411, '2024-11-16 23:31', 1, 1),
	(546, '2025-01-23 11:59', 5, 1),
	(176, '2024-03-23 01:06', 3, 2),
	(487, '2024-03-28 21:33', 2, 2),
	(287, '2024-11-30 13:17', 5, 2),
	(556, '2023-04-03 02:09', 2, 1),
	(117, '2025-01-05 04:05', 4, 1),
	(423, '2023-04-09 19:40', 1, 2),
	(615, '2024-03-06 03:05', 4, 1),
	(617, '2025-02-15 09:56', 1, 1),
	(36, '2025-04-09 02:21', 4, 1),
	(588, '2024-03-04 07:02', 5, 2),
	(562, '2024-07-22 12:55', 4, 1),
	(43, '2023-07-05 20:02', 5, 2),
	(280, '2024-06-22 15:33', 5, 2),
	(327, '2024-04-23 22:03', 5, 2),
	(311, '2023-05-22 07:19', 1, 2),
	(13, '2023-05-20 08:17', 5, 1),
	(228, '2023-02-20 20:02', 1, 2),
	(510, '2023-06-06 19:29', 5, 1),
	(515, '2024-11-01 18:36', 5, 1),
	(37, '2023-10-06 12:25', 4, 1),
	(682, '2024-12-12 16:16', 1, 1),
	(530, '2024-05-03 21:03', 1, 2),
	(301, '2025-04-27 12:50', 3, 1),
	(514, '2024-09-30 06:36', 2, 1),
	(406, '2023-10-27 23:42', 5, 1),
	(385, '2023-01-02 10:07', 1, 1),
	(291, '2024-03-01 08:47', 4, 1),
	(442, '2023-02-13 06:40', 4, 1),
	(402, '2023-04-16 10:18', 5, 1),
	(498, '2024-10-16 09:02', 2, 2),
	(621, '2023-08-02 01:25', 5, 1),
	(26, '2023-06-16 14:54', 4, 1),
	(410, '2024-04-09 02:45', 1, 1),
	(323, '2024-06-15 09:42', 2, 1),
	(541, '2024-10-25 23:08', 3, 1),
	(664, '2023-09-03 02:38', 3, 1),
	(526, '2025-03-11 06:53', 5, 2),
	(419, '2023-11-23 07:21', 5, 2),
	(507, '2025-01-29 19:50', 4, 2),
	(510, '2025-01-24 16:36', 3, 1),
	(269, '2023-09-16 02:27', 1, 1),
	(209, '2023-03-17 18:02', 2, 2),
	(22, '2023-10-18 01:46', 2, 1),
	(237, '2023-07-23 18:40', 2, 2),
	(573, '2024-05-23 01:02', 3, 1),
	(480, '2024-07-16 05:22', 5, 2),
	(126, '2025-01-26 10:14', 3, 1),
	(472, '2024-07-22 21:29', 1, 1),
	(36, '2023-07-18 15:43', 3, 1),
	(462, '2023-10-18 00:51', 1, 1),
	(321, '2023-09-26 13:48', 5, 2),
	(70, '2024-03-05 02:07', 4, 1),
	(623, '2024-06-17 01:34', 4, 1),
	(141, '2023-08-11 23:53', 3, 2),
	(261, '2025-04-07 04:45', 5, 2),
	(441, '2023-11-14 21:16', 3, 2),
	(295, '2023-09-24 09:53', 3, 2),
	(656, '2023-11-06 13:45', 5, 2),
	(206, '2023-11-22 04:46', 5, 2),
	(455, '2023-11-15 05:10', 4, 2),
	(491, '2023-07-21 07:42', 3, 2),
	(493, '2024-09-29 08:24', 2, 1),
	(210, '2024-09-01 09:31', 3, 1),
	(127, '2023-05-19 04:30', 3, 1),
	(219, '2023-10-01 17:32', 4, 1),
	(262, '2023-04-02 00:40', 2, 2),
	(561, '2024-07-07 10:20', 3, 1),
	(456, '2023-09-20 03:41', 3, 1),
	(551, '2023-09-25 20:03', 1, 2),
	(375, '2023-10-26 06:57', 4, 2),
	(456, '2023-10-07 14:14', 1, 2),
	(676, '2023-02-13 02:00', 2, 2),
	(169, '2025-02-27 05:20', 3, 2),
	(662, '2023-04-12 22:46', 4, 2),
	(163, '2023-08-01 09:12', 5, 2),
	(205, '2023-07-29 07:06', 4, 1),
	(467, '2024-05-21 03:58', 2, 2),
	(252, '2023-12-12 10:44', 5, 1),
	(652, '2024-03-21 21:47', 3, 1),
	(601, '2024-05-27 03:06', 1, 2),
	(360, '2023-07-19 21:14', 2, 1),
	(392, '2024-02-01 09:38', 3, 1),
	(441, '2024-04-06 13:51', 4, 1),
	(94, '2023-04-23 22:27', 3, 2),
	(382, '2023-06-08 11:59', 1, 1),
	(328, '2024-05-21 07:35', 4, 2),
	(84, '2023-08-21 13:52', 4, 1),
	(359, '2023-03-13 09:24', 2, 2),
	(131, '2023-06-25 10:36', 2, 1),
	(184, '2024-02-15 03:37', 4, 1),
	(659, '2024-01-07 05:27', 4, 2),
	(611, '2023-03-08 17:42', 5, 2),
	(455, '2024-04-17 21:54', 5, 1),
	(148, '2024-09-19 01:25', 1, 1),
	(355, '2025-02-04 04:55', 1, 2),
	(241, '2023-01-17 22:03', 4, 2),
	(8, '2024-11-30 15:41', 4, 2),
	(495, '2023-12-06 06:56', 3, 1),
	(638, '2024-01-10 10:31', 2, 1),
	(451, '2025-04-11 08:37', 3, 1),
	(296, '2024-12-17 05:35', 1, 1),
	(600, '2025-03-22 01:38', 4, 1),
	(566, '2025-02-02 17:38', 2, 1),
	(508, '2024-01-05 20:06', 1, 2),
	(487, '2024-02-19 22:24', 5, 2),
	(266, '2023-04-25 23:34', 4, 1),
	(525, '2024-02-17 20:35', 1, 1),
	(215, '2023-03-13 05:06', 4, 1),
	(172, '2023-05-25 22:28', 2, 2),
	(254, '2023-08-01 08:18', 5, 2),
	(372, '2024-10-05 19:39', 3, 1),
	(26, '2024-08-04 12:52', 1, 2),
	(39, '2024-07-05 02:09', 3, 1),
	(64, '2024-01-02 12:41', 4, 2),
	(258, '2025-04-23 08:07', 4, 2),
	(267, '2023-12-10 02:24', 5, 1),
	(98, '2025-01-22 16:04', 1, 1),
	(120, '2024-10-31 02:20', 3, 1),
	(279, '2023-10-08 21:30', 2, 1),
	(45, '2023-09-15 04:23', 5, 2),
	(54, '2024-09-16 17:23', 1, 1),
	(680, '2023-06-14 22:39', 1, 1),
	(666, '2024-03-04 22:54', 2, 1),
	(410, '2023-11-23 11:02', 5, 2),
	(188, '2023-01-21 12:13', 3, 2),
	(468, '2023-05-06 20:59', 3, 2),
	(546, '2024-01-12 11:58', 1, 2),
	(367, '2023-01-04 14:34', 5, 1),
	(523, '2024-09-10 17:20', 4, 1),
	(10, '2024-12-03 00:50', 3, 1),
	(12, '2025-02-07 08:27', 4, 1),
	(293, '2023-04-20 23:59', 1, 2),
	(371, '2024-03-14 15:05', 2, 2),
	(533, '2023-08-20 01:31', 1, 2),
	(698, '2023-01-01 07:00', 2, 1),
	(603, '2025-02-10 19:14', 1, 2),
	(417, '2025-03-23 09:01', 5, 1),
	(361, '2025-04-19 11:44', 5, 2),
	(588, '2024-12-08 19:13', 5, 1),
	(330, '2024-01-16 04:54', 4, 2),
	(185, '2023-11-11 09:11', 2, 1),
	(597, '2024-04-03 20:51', 1, 1),
	(326, '2023-09-20 14:28', 2, 1),
	(6, '2023-11-23 22:43', 5, 2),
	(46, '2025-03-28 21:37', 1, 2),
	(507, '2025-03-18 04:09', 5, 1),
	(113, '2024-12-20 01:21', 3, 1),
	(638, '2024-03-26 01:33', 1, 2),
	(107, '2023-07-05 08:08', 5, 2),
	(54, '2023-03-14 02:24', 4, 2),
	(20, '2023-04-13 19:30', 2, 1),
	(337, '2024-01-18 17:56', 1, 2),
	(353, '2024-12-26 21:22', 3, 2),
	(86, '2024-03-03 07:02', 5, 2),
	(491, '2023-06-01 23:20', 5, 2),
	(560, '2023-03-05 17:58', 2, 1),
	(69, '2023-01-21 23:59', 1, 2),
	(518, '2023-11-10 03:57', 2, 2),
	(334, '2024-05-06 09:46', 4, 2),
	(526, '2023-08-03 04:58', 1, 1),
	(308, '2024-07-28 03:24', 3, 1),
	(74, '2024-12-18 09:49', 4, 1),
	(403, '2023-12-19 01:06', 3, 2),
	(129, '2024-02-29 05:29', 5, 2),
	(121, '2024-07-26 05:25', 5, 2),
	(571, '2023-05-03 18:48', 4, 2),
	(499, '2023-05-18 08:46', 5, 1),
	(510, '2024-07-22 02:46', 3, 2),
	(655, '2025-04-19 19:14', 3, 2),
	(497, '2023-04-13 16:31', 5, 1),
	(190, '2025-02-24 06:36', 2, 2),
	(401, '2024-11-05 08:08', 3, 2),
	(542, '2025-03-05 17:49', 4, 1),
	(700, '2024-01-25 04:38', 5, 1),
	(680, '2024-01-08 21:42', 2, 1),
	(518, '2024-07-16 21:31', 4, 2),
	(694, '2023-06-13 16:23', 4, 2),
	(455, '2023-02-05 13:47', 3, 1),
	(72, '2023-03-16 16:12', 1, 2),
	(625, '2024-06-20 11:01', 4, 2),
	(570, '2023-09-02 03:44', 4, 2),
	(534, '2023-06-11 15:33', 2, 2),
	(161, '2024-02-25 08:35', 2, 2),
	(569, '2025-01-26 06:54', 2, 1),
	(517, '2024-07-17 23:11', 1, 1),
	(511, '2023-11-01 04:41', 4, 2),
	(614, '2024-09-26 14:47', 1, 1),
	(603, '2023-05-01 22:05', 4, 1),
	(432, '2024-03-20 14:22', 1, 1),
	(80, '2023-06-07 17:38', 4, 1),
	(488, '2024-07-14 18:48', 1, 2),
	(546, '2023-01-14 00:14', 1, 1),
	(441, '2023-03-19 21:38', 3, 1),
	(418, '2025-02-15 10:23', 2, 2),
	(27, '2024-04-06 10:09', 2, 1),
	(666, '2025-01-25 08:37', 5, 1),
	(255, '2024-07-08 22:37', 5, 2),
	(68, '2024-01-18 08:08', 2, 1),
	(236, '2023-06-14 03:21', 1, 1),
	(685, '2024-06-15 20:37', 5, 2),
	(556, '2023-12-17 16:18', 3, 1),
	(528, '2024-03-12 08:47', 5, 2),
	(522, '2023-07-10 11:20', 5, 1),
	(513, '2024-10-28 18:30', 4, 1),
	(391, '2023-07-05 11:18', 3, 2),
	(594, '2024-01-02 22:13', 1, 1),
	(123, '2023-05-13 02:08', 5, 2),
	(557, '2024-04-25 05:16', 2, 1),
	(491, '2024-03-14 02:32', 4, 2),
	(534, '2023-10-02 23:42', 4, 1),
	(312, '2023-03-01 20:44', 1, 1),
	(671, '2024-04-18 21:36', 1, 1),
	(392, '2023-02-25 04:10', 1, 2),
	(136, '2023-04-05 12:33', 1, 1),
	(265, '2024-01-28 20:06', 4, 2),
	(24, '2024-11-05 05:51', 5, 2),
	(289, '2024-12-31 06:43', 4, 2),
	(92, '2024-02-12 22:18', 3, 1),
	(11, '2025-01-08 16:25', 2, 2),
	(569, '2024-01-20 17:11', 4, 1),
	(317, '2023-12-17 14:06', 1, 2),
	(623, '2025-01-01 02:14', 5, 1),
	(409, '2023-12-29 13:28', 1, 2),
	(585, '2024-03-22 09:23', 3, 2),
	(153, '2025-02-14 22:08', 4, 1),
	(678, '2025-03-20 10:24', 2, 2),
	(12, '2023-03-25 17:29', 3, 2),
	(376, '2023-01-03 22:35', 2, 2),
	(675, '2024-03-29 08:11', 4, 1),
	(596, '2024-09-14 09:39', 2, 1),
	(655, '2023-05-03 04:50', 5, 1),
	(273, '2024-11-15 13:08', 1, 1),
	(552, '2024-05-01 10:20', 4, 1),
	(164, '2023-09-15 10:51', 4, 2),
	(601, '2023-05-28 15:49', 1, 1),
	(487, '2024-09-08 22:12', 4, 2),
	(302, '2023-05-06 09:55', 3, 2),
	(62, '2023-08-30 09:24', 4, 2),
	(457, '2023-11-23 15:41', 1, 2),
	(616, '2024-06-03 22:50', 4, 2),
	(441, '2024-10-09 01:50', 3, 1),
	(280, '2024-12-02 19:42', 5, 1),
	(518, '2023-06-27 08:20', 2, 2),
	(678, '2024-09-06 10:40', 1, 2),
	(228, '2025-04-08 08:44', 5, 2),
	(305, '2024-12-15 20:32', 3, 1),
	(559, '2024-07-26 18:18', 2, 2),
	(145, '2023-03-11 10:50', 5, 1),
	(461, '2024-12-02 17:24', 5, 1),
	(554, '2023-11-21 12:53', 5, 1),
	(700, '2023-03-21 19:38', 1, 1),
	(244, '2024-10-01 07:45', 5, 2),
	(38, '2024-01-31 08:54', 4, 1),
	(43, '2023-12-19 00:16', 1, 2),
	(682, '2025-02-12 10:33', 3, 2),
	(124, '2023-04-07 11:20', 5, 1),
	(540, '2023-12-29 13:06', 1, 1),
	(589, '2023-08-02 02:44', 3, 1),
	(78, '2025-04-26 06:04', 2, 1),
	(347, '2024-11-20 13:19', 1, 2),
	(324, '2025-02-27 02:26', 1, 1),
	(367, '2023-02-20 02:21', 1, 1),
	(296, '2023-10-01 03:36', 4, 1),
	(270, '2023-01-22 03:51', 1, 2),
	(479, '2025-02-11 22:23', 2, 2),
	(189, '2024-09-10 18:15', 4, 2),
	(43, '2023-02-01 04:28', 4, 2),
	(347, '2024-10-25 05:08', 3, 2),
	(692, '2023-02-07 13:54', 3, 2),
	(632, '2023-07-03 15:14', 2, 2),
	(172, '2023-01-18 08:26', 4, 2),
	(644, '2023-01-21 01:14', 4, 2),
	(27, '2023-06-10 18:00', 4, 1),
	(17, '2023-01-07 15:26', 1, 2),
	(669, '2024-11-23 08:04', 3, 1),
	(363, '2025-04-03 07:24', 5, 1),
	(180, '2023-02-06 22:17', 2, 2),
	(401, '2023-08-26 21:28', 5, 1),
	(612, '2024-04-13 12:01', 3, 2),
	(31, '2023-04-18 01:19', 4, 2),
	(692, '2023-12-31 01:52', 5, 1),
	(194, '2024-01-22 03:41', 5, 2),
	(398, '2024-08-25 07:47', 1, 1),
	(105, '2023-11-28 18:18', 1, 1),
	(7, '2023-08-16 17:47', 4, 1),
	(130, '2024-09-30 07:38', 1, 2),
	(594, '2024-08-25 12:58', 2, 2),
	(681, '2024-09-15 12:35', 5, 2),
	(150, '2024-06-11 03:29', 4, 2),
	(550, '2023-08-12 03:56', 5, 1),
	(48, '2024-11-22 05:24', 1, 1),
	(459, '2024-05-06 04:02', 5, 1),
	(200, '2024-06-28 11:16', 3, 2),
	(323, '2024-06-23 08:40', 1, 1),
	(637, '2023-10-12 15:57', 5, 1),
	(201, '2025-01-09 18:55', 4, 1),
	(515, '2024-03-30 00:38', 3, 2),
	(547, '2024-11-19 04:34', 2, 2),
	(189, '2025-01-28 12:59', 5, 2),
	(273, '2023-04-28 20:22', 4, 2),
	(33, '2023-10-14 00:41', 3, 2),
	(329, '2023-02-11 05:30', 2, 2),
	(532, '2024-11-18 19:59', 1, 2),
	(316, '2023-07-09 09:42', 5, 2),
	(20, '2023-04-28 01:44', 1, 1),
	(579, '2025-04-15 02:30', 5, 1),
	(426, '2024-01-07 21:34', 5, 2),
	(506, '2024-08-11 17:46', 3, 2),
	(466, '2024-09-18 02:04', 2, 1),
	(628, '2024-09-29 13:42', 2, 2),
	(11, '2023-02-16 15:03', 2, 1),
	(294, '2024-08-29 08:18', 4, 1),
	(661, '2023-02-22 20:02', 3, 2),
	(461, '2024-06-08 08:33', 4, 1),
	(503, '2023-04-29 00:12', 3, 1),
	(302, '2025-02-01 04:51', 1, 2),
	(183, '2025-02-24 04:42', 5, 1),
	(505, '2023-02-24 09:04', 3, 1),
	(97, '2023-11-04 20:33', 1, 1),
	(287, '2025-04-05 11:54', 5, 2)
;

-- los valores de ORDER_DETAILS fueron insertados con ayuda de DeepSeek para poder mantener
-- la integridad de los datos entre las tablas PRODUCTS, ORDERS y ORDER_DETAILS